{
  "trajectory_id": "final_ep036",
  "component_totals": {
    "early_approach": 2.6088306951529163,
    "low_alt_stability": 0.0,
    "leg_bonus": 0.0,
    "terminal_bonus": 0.0,
    "terminal_penalty": -0.26935258507728577
  },
  "candidate_return": 4.948308805228547,
  "episode_length": 361
}
