{
  "trajectory_id": "final_ep018",
  "component_totals": {
    "early_approach": 3.3653076498959242,
    "low_alt_stability": 1078.8852086757797,
    "leg_bonus": 0.0,
    "terminal_bonus": 0.0,
    "terminal_penalty": 0.0
  },
  "candidate_return": 1625.0584283134615,
  "episode_length": 1000
}
