{
  "trajectory_id": "final_ep032",
  "component_totals": {
    "early_approach": 2.9788211325495535,
    "low_alt_stability": 0.0,
    "leg_bonus": 0.0,
    "terminal_bonus": 0.0,
    "terminal_penalty": -0.1767205074429512
  },
  "candidate_return": 5.780921757656156,
  "episode_length": 450
}
