{
  "trajectory_id": "final_ep044",
  "component_totals": {
    "early_approach": 2.7882788099287428,
    "low_alt_stability": 0.0,
    "leg_bonus": 0.0,
    "terminal_bonus": 0.0,
    "terminal_penalty": -0.19187863543629646
  },
  "candidate_return": 5.384678984421189,
  "episode_length": 233
}
