{
  "trajectory_id": "final_ep017",
  "component_totals": {
    "early_approach": 3.987871450997466,
    "low_alt_stability": 99.90881930856267,
    "leg_bonus": 0.0,
    "terminal_bonus": 0.0,
    "terminal_penalty": -2.0677316151559353
  },
  "candidate_return": 155.771240249683,
  "episode_length": 167
}
