{
  "trajectory_id": "final_ep047",
  "component_totals": {
    "early_approach": 4.465095378189728,
    "low_alt_stability": 793.5548850140331,
    "leg_bonus": 0.0,
    "terminal_bonus": 0.0,
    "terminal_penalty": -0.2407057285308838
  },
  "candidate_return": 1199.0218125488987,
  "episode_length": 658
}
