{
  "trajectory_id": "final_ep022",
  "component_totals": {
    "early_approach": 4.79726954850694,
    "low_alt_stability": 452.88405008237896,
    "leg_bonus": 0.0,
    "terminal_bonus": 0.0,
    "terminal_penalty": -2.2582098469138145
  },
  "candidate_return": 686.6624043736686,
  "episode_length": 444
}
