{
  "trajectory_id": "final_ep015",
  "component_totals": {
    "early_approach": 4.283416282055681,
    "low_alt_stability": 293.4884701582323,
    "leg_bonus": 0.0,
    "terminal_bonus": 0.0,
    "terminal_penalty": -1.233705997467041
  },
  "candidate_return": 447.56583180399275,
  "episode_length": 404
}
