{
  "trajectory_id": "final_ep046",
  "component_totals": {
    "early_approach": 3.9581235539272894,
    "low_alt_stability": 1353.8528422122035,
    "leg_bonus": 0.0,
    "terminal_bonus": 0.0,
    "terminal_penalty": 0.0
  },
  "candidate_return": 2038.69551042616,
  "episode_length": 1000
}
