{
  "trajectory_id": "final_ep023",
  "component_totals": {
    "early_approach": 2.404017377006909,
    "low_alt_stability": 0.0,
    "leg_bonus": 0.0,
    "terminal_bonus": 0.0,
    "terminal_penalty": -0.14364884048700333
  },
  "candidate_return": 4.664385913526814,
  "episode_length": 206
}
