{
  "trajectory_id": "final_ep033",
  "component_totals": {
    "early_approach": 3.360707215409549,
    "low_alt_stability": 61.47390659213124,
    "leg_bonus": 0.0,
    "terminal_bonus": 0.0,
    "terminal_penalty": -1.085724702104926
  },
  "candidate_return": 97.84654961691103,
  "episode_length": 136
}
