{
  "trajectory_id": "final_ep005",
  "component_totals": {
    "early_approach": 4.448516437313217,
    "low_alt_stability": 318.4462331314294,
    "leg_bonus": 0.0,
    "terminal_bonus": 0.0,
    "terminal_penalty": -1.259878158569336
  },
  "candidate_return": 485.3065044132012,
  "episode_length": 424
}
