{
  "trajectory_id": "final_ep016",
  "component_totals": {
    "early_approach": 4.269800804023943,
    "low_alt_stability": 96.99398522160482,
    "leg_bonus": 0.0,
    "terminal_bonus": 0.0,
    "terminal_penalty": -2.8055404722690582
  },
  "candidate_return": 151.22503896818606,
  "episode_length": 192
}
