{
  "trajectory_id": "final_ep040",
  "component_totals": {
    "early_approach": 3.8474842013931254,
    "low_alt_stability": 45.211583861084364,
    "leg_bonus": 0.0,
    "terminal_bonus": 0.0,
    "terminal_penalty": -3.1063252687454224
  },
  "candidate_return": 72.40601892566738,
  "episode_length": 186
}
