{
  "trajectory_id": "final_ep012",
  "component_totals": {
    "early_approach": 4.391526867908491,
    "low_alt_stability": 94.11868939877604,
    "leg_bonus": 0.0,
    "terminal_bonus": 0.0,
    "terminal_penalty": -1.28140789270401
  },
  "candidate_return": 148.67967994127702,
  "episode_length": 183
}
