{
  "trajectory_id": "final_ep038",
  "component_totals": {
    "early_approach": 4.041524344028536,
    "low_alt_stability": 124.26457897273758,
    "leg_bonus": 0.0,
    "terminal_bonus": 0.0,
    "terminal_penalty": -1.4022184610366821
  },
  "candidate_return": 193.07769868612678,
  "episode_length": 226
}
