{
  "trajectory_id": "final_ep045",
  "component_totals": {
    "early_approach": 4.761893292487995,
    "low_alt_stability": 226.73014671082274,
    "leg_bonus": 0.0,
    "terminal_bonus": 0.0,
    "terminal_penalty": -0.32285067439079285
  },
  "candidate_return": 349.2961559768193,
  "episode_length": 288
}
