{
  "trajectory_id": "final_ep010",
  "component_totals": {
    "early_approach": 3.6241389379781364,
    "low_alt_stability": 74.3879021606117,
    "leg_bonus": 0.0,
    "terminal_bonus": 0.0,
    "terminal_penalty": -1.3877019882202148
  },
  "candidate_return": 117.44242912865361,
  "episode_length": 157
}
