{
  "trajectory_id": "final_ep030",
  "component_totals": {
    "early_approach": 3.7574833149149116,
    "low_alt_stability": 34.581370129133575,
    "leg_bonus": 0.0,
    "terminal_bonus": 0.0,
    "terminal_penalty": -1.5418967753648758
  },
  "candidate_return": 57.84512504816531,
  "episode_length": 115
}
