{
  "trajectory_id": "final_ep011",
  "component_totals": {
    "early_approach": 4.184568915262405,
    "low_alt_stability": 193.38228350692674,
    "leg_bonus": 0.0,
    "terminal_bonus": 0.0,
    "terminal_penalty": -0.33709222078323364
  },
  "candidate_return": 298.1054708701316,
  "episode_length": 275
}
