{
  "trajectory_id": "final_ep021",
  "component_totals": {
    "early_approach": 4.372872391816326,
    "low_alt_stability": 850.0843886277944,
    "leg_bonus": 0.0,
    "terminal_bonus": 0.0,
    "terminal_penalty": -2.26093190908432
  },
  "candidate_return": 1281.61139581624,
  "episode_length": 702
}
