{
  "trajectory_id": "final_ep034",
  "component_totals": {
    "early_approach": 4.477261843303961,
    "low_alt_stability": 170.94922202918679,
    "leg_bonus": 0.0,
    "terminal_bonus": 0.0,
    "terminal_penalty": -2.5962312072515488
  },
  "candidate_return": 262.78212552313653,
  "episode_length": 238
}
