{
  "trajectory_id": "final_ep029",
  "component_totals": {
    "early_approach": 3.9748846049594238,
    "low_alt_stability": 1111.871666426723,
    "leg_bonus": 0.0,
    "terminal_bonus": 0.0,
    "terminal_penalty": -2.837491661310196
  },
  "candidate_return": 1672.9197771886934,
  "episode_length": 865
}
