{
  "trajectory_id": "final_ep028",
  "component_totals": {
    "early_approach": 4.406610812208892,
    "low_alt_stability": 359.9077952147345,
    "leg_bonus": 0.0,
    "terminal_bonus": 0.0,
    "terminal_penalty": -2.0902279317379
  },
  "candidate_return": 546.5846865147817,
  "episode_length": 339
}
