{
  "trajectory_id": "final_ep041",
  "component_totals": {
    "early_approach": 4.3639241002088465,
    "low_alt_stability": 66.84043443016708,
    "leg_bonus": 0.0,
    "terminal_bonus": 0.0,
    "terminal_penalty": -1.0321638882160187
  },
  "candidate_return": 107.9563359574523,
  "episode_length": 163
}
