{
  "trajectory_id": "final_ep014",
  "component_totals": {
    "early_approach": 4.48566523092318,
    "low_alt_stability": 564.2689724905722,
    "leg_bonus": 0.0,
    "terminal_bonus": 0.0,
    "terminal_penalty": -0.2365761250257492
  },
  "candidate_return": 855.1382130726789,
  "episode_length": 557
}
