{
  "trajectory_id": "final_ep001",
  "component_totals": {
    "early_approach": 3.5984906298311934,
    "low_alt_stability": 70.69234173279256,
    "leg_bonus": 0.0,
    "terminal_bonus": 0.0,
    "terminal_penalty": -0.821784146130085
  },
  "candidate_return": 112.41370971272113,
  "episode_length": 152
}
