{
  "trajectory_id": "final_ep002",
  "component_totals": {
    "early_approach": 3.706382347387556,
    "low_alt_stability": 98.7815527782077,
    "leg_bonus": 0.0,
    "terminal_bonus": 0.0,
    "terminal_penalty": -0.8643282502889633
  },
  "candidate_return": 154.7207656117977,
  "episode_length": 130
}
