{
  "trajectory_id": "final_ep027",
  "component_totals": {
    "early_approach": 4.5032748714008735,
    "low_alt_stability": 501.5533829440974,
    "leg_bonus": 0.0,
    "terminal_bonus": 0.0,
    "terminal_penalty": -0.25698959827423096
  },
  "candidate_return": 761.0796345606736,
  "episode_length": 413
}
