{
  "trajectory_id": "final_ep026",
  "component_totals": {
    "early_approach": 4.236872317194959,
    "low_alt_stability": 1106.4126117436354,
    "leg_bonus": 0.0,
    "terminal_bonus": 0.0,
    "terminal_penalty": -0.2582830563187599
  },
  "candidate_return": 1667.8343791935242,
  "episode_length": 868
}
