{
  "trajectory_id": "final_ep003",
  "component_totals": {
    "early_approach": 3.9426647373435415,
    "low_alt_stability": 134.6009103655715,
    "leg_bonus": 0.0,
    "terminal_bonus": 0.0,
    "terminal_penalty": -0.11918803490698338
  },
  "candidate_return": 209.66750698813735,
  "episode_length": 699
}
