{
  "trajectory_id": "final_ep020",
  "component_totals": {
    "early_approach": 3.2395380251602184,
    "low_alt_stability": 0.0,
    "leg_bonus": 0.0,
    "terminal_bonus": 0.0,
    "terminal_penalty": -0.12642131745815277
  },
  "candidate_return": 6.352654732862284,
  "episode_length": 479
}
