{
  "trajectory_id": "final_ep008",
  "component_totals": {
    "early_approach": 3.823035956813824,
    "low_alt_stability": 0.0,
    "leg_bonus": 0.0,
    "terminal_bonus": 0.0,
    "terminal_penalty": -0.28128471970558167
  },
  "candidate_return": 7.364787193922067,
  "episode_length": 974
}
