{
  "trajectory_id": "final_ep007",
  "component_totals": {
    "early_approach": 4.516764126215843,
    "low_alt_stability": 387.99780975173144,
    "leg_bonus": 0.0,
    "terminal_bonus": 0.0,
    "terminal_penalty": -1.5882688611745834
  },
  "candidate_return": 589.4419740188542,
  "episode_length": 414
}
