{
  "trajectory_id": "final_ep049",
  "component_totals": {
    "early_approach": 4.637798981101879,
    "low_alt_stability": 44.606545795861166,
    "leg_bonus": 0.0,
    "terminal_bonus": 0.0,
    "terminal_penalty": -1.6391914188861847
  },
  "candidate_return": 74.54622523710933,
  "episode_length": 168
}
