{
  "trajectory_id": "final_ep042",
  "component_totals": {
    "early_approach": 3.4848955806948894,
    "low_alt_stability": 951.9476088244846,
    "leg_bonus": 0.0,
    "terminal_bonus": 0.0,
    "terminal_penalty": 0.0
  },
  "candidate_return": 1434.8912043981168,
  "episode_length": 1000
}
