{
  "trajectory_id": "final_ep035",
  "component_totals": {
    "early_approach": 2.8546955389444153,
    "low_alt_stability": 0.0,
    "leg_bonus": 0.0,
    "terminal_bonus": 0.0,
    "terminal_penalty": -0.16501225531101227
  },
  "candidate_return": 5.544378822577818,
  "episode_length": 251
}
