{
  "trajectory_id": "final_ep019",
  "component_totals": {
    "early_approach": 4.088622369416165,
    "low_alt_stability": 163.86752217658795,
    "leg_bonus": 0.0,
    "terminal_bonus": 0.0,
    "terminal_penalty": -6.032468318939209
  },
  "candidate_return": 247.94605968477504,
  "episode_length": 211
}
