{
  "trajectory_id": "final_ep037",
  "component_totals": {
    "early_approach": 3.3713407871882732,
    "low_alt_stability": 0.0,
    "leg_bonus": 0.0,
    "terminal_bonus": 0.0,
    "terminal_penalty": -0.19263885915279388
  },
  "candidate_return": 6.550042715223753,
  "episode_length": 494
}
