{
  "trajectory_id": "final_ep025",
  "component_totals": {
    "early_approach": 3.984182880095709,
    "low_alt_stability": 87.35696880798787,
    "leg_bonus": 0.0,
    "terminal_bonus": 0.0,
    "terminal_penalty": -1.5547987222671509
  },
  "candidate_return": 137.44902024990608,
  "episode_length": 284
}
