{
  "trajectory_id": "final_ep009",
  "component_totals": {
    "early_approach": 2.3838616283504344,
    "low_alt_stability": 0.0,
    "leg_bonus": 0.0,
    "terminal_bonus": 0.0,
    "terminal_penalty": -0.1320035085082054
  },
  "candidate_return": 4.635719748192663,
  "episode_length": 249
}
