{
  "trajectory_id": "final_ep000",
  "component_totals": {
    "early_approach": 3.9296254686464125,
    "low_alt_stability": 66.29181262012571,
    "leg_bonus": 0.0,
    "terminal_bonus": 0.0,
    "terminal_penalty": -1.4732523262500763
  },
  "candidate_return": 105.82371754123132,
  "episode_length": 140
}
