{
  "trajectory_id": "final_ep024",
  "component_totals": {
    "early_approach": 4.180170221399506,
    "low_alt_stability": 1427.0734884017147,
    "leg_bonus": 0.0,
    "terminal_bonus": 0.0,
    "terminal_penalty": 0.0
  },
  "candidate_return": 2148.970573045371,
  "episode_length": 1000
}
