{
  "trajectory_id": "final_ep013",
  "component_totals": {
    "early_approach": 3.6000260750185045,
    "low_alt_stability": 90.6863418656576,
    "leg_bonus": 0.0,
    "terminal_bonus": 0.0,
    "terminal_penalty": -0.8385215476155281
  },
  "candidate_return": 142.39104340090788,
  "episode_length": 132
}
