{
  "trajectory_id": "final_ep006",
  "component_totals": {
    "early_approach": 3.1819187645087403,
    "low_alt_stability": 0.0,
    "leg_bonus": 0.0,
    "terminal_bonus": 0.0,
    "terminal_penalty": -0.13510947674512863
  },
  "candidate_return": 6.228728052272352,
  "episode_length": 455
}
