{
  "trajectory_id": "final_ep031",
  "component_totals": {
    "early_approach": 3.747541115213451,
    "low_alt_stability": 122.32585750349972,
    "leg_bonus": 0.0,
    "terminal_bonus": 0.0,
    "terminal_penalty": -0.6799442023038864
  },
  "candidate_return": 190.3039242833726,
  "episode_length": 141
}
