{
  "trajectory_id": "final_ep025",
  "component_totals": {
    "early_approach": 4.307462455781972,
    "early_speed_penalty": -19.327375322580338,
    "late_stability": -7.731423879066256,
    "leg_bonus": 20.0,
    "terminal_penalty": 0.0,
    "terminal_bonus": 19.98409652207534,
    "flight_stability": -1.279777426356361
  },
  "candidate_return": 15.952982349854356,
  "episode_length": 52
}
