{
  "trajectory_id": "final_ep009",
  "component_totals": {
    "early_approach": 4.446563944837896,
    "early_speed_penalty": -19.896513611078262,
    "late_stability": -4.864654729163112,
    "leg_bonus": 20.0,
    "terminal_penalty": 0.0,
    "terminal_bonus": 19.98598746722564,
    "flight_stability": -1.971420543892691
  },
  "candidate_return": 17.699962527929472,
  "episode_length": 72
}
