{
  "trajectory_id": "final_ep011",
  "component_totals": {
    "early_approach": 3.754861312113542,
    "early_speed_penalty": -22.389205985935405,
    "late_stability": -31.10942860902287,
    "leg_bonus": 0.0,
    "terminal_penalty": 0.0,
    "terminal_bonus": 0.0,
    "flight_stability": -10.231456339010037
  },
  "candidate_return": -59.975229621854766,
  "episode_length": 82
}
