{
  "trajectory_id": "final_ep047",
  "component_totals": {
    "early_approach": 4.112327836482785,
    "early_speed_penalty": -20.072378665208817,
    "late_stability": -24.363945245044306,
    "leg_bonus": 0.0,
    "terminal_penalty": -15.0,
    "terminal_bonus": 0.0,
    "flight_stability": -3.1279481679221135
  },
  "candidate_return": -58.451944241692445,
  "episode_length": 64
}
