{
  "trajectory_id": "final_ep006",
  "component_totals": {
    "early_approach": 4.719787447799175,
    "early_speed_penalty": -22.827599751064554,
    "late_stability": -6.863371459265064,
    "leg_bonus": 10.0,
    "terminal_penalty": 0.0,
    "terminal_bonus": 19.998978509053057,
    "flight_stability": -2.6117050060091174
  },
  "candidate_return": 2.4160897405134953,
  "episode_length": 86
}
