{
  "trajectory_id": "final_ep004",
  "component_totals": {
    "early_approach": 4.592255164658585,
    "early_speed_penalty": -20.563234474277124,
    "late_stability": -1.7685055626167996,
    "leg_bonus": 20.0,
    "terminal_penalty": 0.0,
    "terminal_bonus": 19.973166898769627,
    "flight_stability": -2.278854243742934
  },
  "candidate_return": 19.954827782791355,
  "episode_length": 75
}
