{
  "trajectory_id": "final_ep039",
  "component_totals": {
    "early_approach": 4.202440774714983,
    "early_speed_penalty": -21.248935119365342,
    "late_stability": -24.075804961317772,
    "leg_bonus": 0.0,
    "terminal_penalty": -15.0,
    "terminal_bonus": 0.0,
    "flight_stability": -9.289183962820971
  },
  "candidate_return": -65.4114832687891,
  "episode_length": 78
}
