{
  "trajectory_id": "final_ep032",
  "component_totals": {
    "early_approach": 4.422735239611453,
    "early_speed_penalty": -20.237864593975246,
    "late_stability": -8.319156655494183,
    "leg_bonus": 20.0,
    "terminal_penalty": 0.0,
    "terminal_bonus": 19.3625614406256,
    "flight_stability": -2.1479011680692004
  },
  "candidate_return": 13.080374262698431,
  "episode_length": 74
}
