{
  "trajectory_id": "final_ep043",
  "component_totals": {
    "early_approach": 4.257787301631117,
    "early_speed_penalty": -20.2565246084705,
    "late_stability": -26.783078895532526,
    "leg_bonus": 0.0,
    "terminal_penalty": -15.0,
    "terminal_bonus": 0.0,
    "flight_stability": -8.249399260595965
  },
  "candidate_return": -66.03121546296788,
  "episode_length": 76
}
