{
  "trajectory_id": "final_ep028",
  "component_totals": {
    "early_approach": 3.710041225583362,
    "early_speed_penalty": -20.86764468907495,
    "late_stability": -27.66905214151484,
    "leg_bonus": 0.0,
    "terminal_penalty": -15.0,
    "terminal_bonus": 0.0,
    "flight_stability": -8.800971863034647
  },
  "candidate_return": -68.62762746804108,
  "episode_length": 73
}
