{
  "trajectory_id": "final_ep034",
  "component_totals": {
    "early_approach": 4.9235726497142736,
    "early_speed_penalty": -23.54928719974123,
    "late_stability": -1.7597244772369436,
    "leg_bonus": 20.0,
    "terminal_penalty": 0.0,
    "terminal_bonus": 19.990094853068776,
    "flight_stability": -2.104241484607172
  },
  "candidate_return": 17.500414341197704,
  "episode_length": 88
}
