{
  "trajectory_id": "final_ep024",
  "component_totals": {
    "early_approach": 4.114977863627938,
    "early_speed_penalty": -20.760377342347056,
    "late_stability": -15.67864908327374,
    "leg_bonus": 0.0,
    "terminal_penalty": 0.0,
    "terminal_bonus": 0.0,
    "flight_stability": -3.132617840912644
  },
  "candidate_return": -35.4566664029055,
  "episode_length": 77
}
