{
  "trajectory_id": "final_ep017",
  "component_totals": {
    "early_approach": 3.861075333153586,
    "early_speed_penalty": -20.65948852756992,
    "late_stability": -27.070840151758603,
    "leg_bonus": 0.0,
    "terminal_penalty": -15.0,
    "terminal_bonus": 0.0,
    "flight_stability": -9.951885144057087
  },
  "candidate_return": -68.82113849023203,
  "episode_length": 72
}
