{
  "trajectory_id": "final_ep029",
  "component_totals": {
    "early_approach": 3.8841870263386706,
    "early_speed_penalty": -20.974218011368066,
    "late_stability": -25.869671908804087,
    "leg_bonus": 0.0,
    "terminal_penalty": 0.0,
    "terminal_bonus": 0.0,
    "flight_stability": -4.618286410937138
  },
  "candidate_return": -47.577989304770625,
  "episode_length": 84
}
