{
  "trajectory_id": "final_ep035",
  "component_totals": {
    "early_approach": 4.4397856932119915,
    "early_speed_penalty": -19.879049718379974,
    "late_stability": -6.1859362670236635,
    "leg_bonus": 20.0,
    "terminal_penalty": 0.0,
    "terminal_bonus": 19.988020116633972,
    "flight_stability": -1.3297661004502856
  },
  "candidate_return": 17.033053723992047,
  "episode_length": 56
}
