{
  "trajectory_id": "final_ep016",
  "component_totals": {
    "early_approach": 4.385663256451171,
    "early_speed_penalty": -19.50923377275467,
    "late_stability": -3.0146085955100546,
    "leg_bonus": 20.0,
    "terminal_penalty": 0.0,
    "terminal_bonus": 19.97994841472013,
    "flight_stability": -1.5512767845050348
  },
  "candidate_return": 20.290492518401543,
  "episode_length": 59
}
