{
  "trajectory_id": "final_ep033",
  "component_totals": {
    "early_approach": 4.438789315676585,
    "early_speed_penalty": -21.02766383602284,
    "late_stability": -23.797373892739415,
    "leg_bonus": 0.0,
    "terminal_penalty": -15.0,
    "terminal_bonus": 0.0,
    "flight_stability": -8.09627416555304
  },
  "candidate_return": -63.48252257863871,
  "episode_length": 78
}
