{
  "trajectory_id": "final_ep030",
  "component_totals": {
    "early_approach": 4.017905747615929,
    "early_speed_penalty": -19.60803633928299,
    "late_stability": -36.93524822872132,
    "leg_bonus": 0.0,
    "terminal_penalty": -15.0,
    "terminal_bonus": 0.0,
    "flight_stability": -8.614473657173221
  },
  "candidate_return": -76.1398524775616,
  "episode_length": 65
}
