{
  "trajectory_id": "final_ep048",
  "component_totals": {
    "early_approach": 4.444631161244647,
    "early_speed_penalty": -20.139394314028323,
    "late_stability": -6.463788727317146,
    "leg_bonus": 10.0,
    "terminal_penalty": 0.0,
    "terminal_bonus": 19.954658798203994,
    "flight_stability": -1.7896125731917571
  },
  "candidate_return": 6.00649434491141,
  "episode_length": 73
}
