{
  "trajectory_id": "final_ep008",
  "component_totals": {
    "early_approach": 4.456782316485723,
    "early_speed_penalty": -19.95499913394451,
    "late_stability": -5.379044606564719,
    "leg_bonus": 20.0,
    "terminal_penalty": 0.0,
    "terminal_bonus": 19.981414573896185,
    "flight_stability": -1.6488990929487954
  },
  "candidate_return": 17.455254056923884,
  "episode_length": 64
}
