{
  "trajectory_id": "final_ep019",
  "component_totals": {
    "early_approach": 4.496762106739093,
    "early_speed_penalty": -20.0648912191391,
    "late_stability": -4.616430521660256,
    "leg_bonus": 20.0,
    "terminal_penalty": 0.0,
    "terminal_bonus": 19.984298960091817,
    "flight_stability": -1.4839128891628377
  },
  "candidate_return": 18.31582643686872,
  "episode_length": 59
}
