{
  "trajectory_id": "final_ep042",
  "component_totals": {
    "early_approach": 4.032832088871514,
    "early_speed_penalty": -21.7517375536263,
    "late_stability": -33.46715049361228,
    "leg_bonus": 0.0,
    "terminal_penalty": -15.0,
    "terminal_bonus": 0.0,
    "flight_stability": -9.442618009008584
  },
  "candidate_return": -75.62867396737565,
  "episode_length": 83
}
