{
  "trajectory_id": "final_ep049",
  "component_totals": {
    "early_approach": 4.676959983929052,
    "early_speed_penalty": -21.912414693739265,
    "late_stability": -4.504228284661224,
    "leg_bonus": 10.0,
    "terminal_penalty": -15.0,
    "terminal_bonus": 0.0,
    "flight_stability": -2.268036368794128
  },
  "candidate_return": -29.007719363265565,
  "episode_length": 83
}
