{
  "trajectory_id": "final_ep005",
  "component_totals": {
    "early_approach": 4.500585989354342,
    "early_speed_penalty": -21.023282947018743,
    "late_stability": -10.84209802991245,
    "leg_bonus": 0.0,
    "terminal_penalty": 0.0,
    "terminal_bonus": 0.0,
    "flight_stability": -2.853443615473225
  },
  "candidate_return": -30.21823860305007,
  "episode_length": 78
}
