{
  "trajectory_id": "final_ep002",
  "component_totals": {
    "early_approach": 3.91018057433194,
    "early_speed_penalty": -19.87581523321569,
    "late_stability": -31.46029254910536,
    "leg_bonus": 0.0,
    "terminal_penalty": -15.0,
    "terminal_bonus": 0.0,
    "flight_stability": -9.970885053742677
  },
  "candidate_return": -72.39681226173178,
  "episode_length": 66
}
