{
  "trajectory_id": "final_ep031",
  "component_totals": {
    "early_approach": 4.728234025816862,
    "early_speed_penalty": -22.051985256606713,
    "late_stability": -3.9994537561795767,
    "leg_bonus": 20.0,
    "terminal_penalty": 0.0,
    "terminal_bonus": 19.98485111631453,
    "flight_stability": -2.239443027000732
  },
  "candidate_return": 16.42220310234437,
  "episode_length": 83
}
