{
  "trajectory_id": "final_ep036",
  "component_totals": {
    "early_approach": 4.092872721344903,
    "early_speed_penalty": -19.931934155523777,
    "late_stability": -28.40432074246928,
    "leg_bonus": 0.0,
    "terminal_penalty": 0.0,
    "terminal_bonus": 0.0,
    "flight_stability": -8.759916517476086
  },
  "candidate_return": -53.00329869412424,
  "episode_length": 68
}
