{
  "trajectory_id": "final_ep012",
  "component_totals": {
    "early_approach": 4.568749975876919,
    "early_speed_penalty": -23.263081897050142,
    "late_stability": -27.460511446755845,
    "leg_bonus": 0.0,
    "terminal_penalty": -15.0,
    "terminal_bonus": 0.0,
    "flight_stability": -9.060342594020767
  },
  "candidate_return": -70.21518596194984,
  "episode_length": 88
}
