{
  "trajectory_id": "final_ep027",
  "component_totals": {
    "early_approach": 4.357934799215313,
    "early_speed_penalty": -19.384111553430557,
    "late_stability": -2.939053167143186,
    "leg_bonus": 20.0,
    "terminal_penalty": 0.0,
    "terminal_bonus": 19.992586899766344,
    "flight_stability": -1.7272181808370135
  },
  "candidate_return": 20.300138797570906,
  "episode_length": 59
}
