{
  "trajectory_id": "final_ep038",
  "component_totals": {
    "early_approach": 4.079183578362212,
    "early_speed_penalty": -19.83152550458908,
    "late_stability": -27.408014591317624,
    "leg_bonus": 0.0,
    "terminal_penalty": -15.0,
    "terminal_bonus": 0.0,
    "flight_stability": -8.678017931757495
  },
  "candidate_return": -66.838374449302,
  "episode_length": 61
}
