{
  "trajectory_id": "final_ep023",
  "component_totals": {
    "early_approach": 4.206878836717668,
    "early_speed_penalty": -19.940618999302387,
    "late_stability": -18.407767176361745,
    "leg_bonus": 0.0,
    "terminal_penalty": -15.0,
    "terminal_bonus": 0.0,
    "flight_stability": -2.526983030132726
  },
  "candidate_return": -51.668490369079194,
  "episode_length": 65
}
