{
  "trajectory_id": "final_ep000",
  "component_totals": {
    "early_approach": 3.933601574034046,
    "early_speed_penalty": -23.90698650700506,
    "late_stability": -38.08964067418128,
    "leg_bonus": 0.0,
    "terminal_penalty": -15.0,
    "terminal_bonus": 0.0,
    "flight_stability": -10.094377698267635
  },
  "candidate_return": -83.15740330541992,
  "episode_length": 91
}
