{
  "trajectory_id": "final_ep010",
  "component_totals": {
    "early_approach": 4.442191400542742,
    "early_speed_penalty": -19.80340302735567,
    "late_stability": -3.942561353705962,
    "leg_bonus": 20.0,
    "terminal_penalty": 0.0,
    "terminal_bonus": 19.97972183407482,
    "flight_stability": -1.6945629263011952
  },
  "candidate_return": 18.981385927254735,
  "episode_length": 62
}
