{
  "trajectory_id": "final_ep020",
  "component_totals": {
    "early_approach": 4.4273886037292085,
    "early_speed_penalty": -20.15824471297674,
    "late_stability": -6.564894437182097,
    "leg_bonus": 20.0,
    "terminal_penalty": 0.0,
    "terminal_bonus": 19.980170937674234,
    "flight_stability": -1.84185173581389
  },
  "candidate_return": 15.842568655430721,
  "episode_length": 76
}
