{
  "trajectory_id": "final_ep046",
  "component_totals": {
    "early_approach": 4.4301592816908455,
    "early_speed_penalty": -19.69362349808216,
    "late_stability": -1.4171213436655776,
    "leg_bonus": 20.0,
    "terminal_penalty": 0.0,
    "terminal_bonus": 19.962186702042523,
    "flight_stability": -1.4521372749799468
  },
  "candidate_return": 21.829463867005686,
  "episode_length": 68
}
