{
  "trajectory_id": "final_ep007",
  "component_totals": {
    "early_approach": 4.274976416268914,
    "early_speed_penalty": -20.114080492407084,
    "late_stability": -30.28225792502053,
    "leg_bonus": 0.0,
    "terminal_penalty": -15.0,
    "terminal_bonus": 0.0,
    "flight_stability": -9.27794080534295
  },
  "candidate_return": -70.39930280650165,
  "episode_length": 67
}
