{
  "trajectory_id": "final_ep045",
  "component_totals": {
    "early_approach": 4.210967856925082,
    "early_speed_penalty": -19.3296200633049,
    "late_stability": -15.409395570051856,
    "leg_bonus": 0.0,
    "terminal_penalty": 0.0,
    "terminal_bonus": 0.0,
    "flight_stability": -2.654314363724552
  },
  "candidate_return": -33.18236214015623,
  "episode_length": 55
}
