{
  "trajectory_id": "final_ep041",
  "component_totals": {
    "early_approach": 5.000186971000402,
    "early_speed_penalty": -24.004409014130943,
    "late_stability": -2.1164745247156986,
    "leg_bonus": 10.0,
    "terminal_penalty": -15.0,
    "terminal_bonus": 0.0,
    "flight_stability": -2.76901036295412
  },
  "candidate_return": -28.889706930800354,
  "episode_length": 89
}
