{
  "trajectory_id": "final_ep003",
  "component_totals": {
    "early_approach": 3.6441714937830065,
    "early_speed_penalty": -21.055471243802458,
    "late_stability": -25.296393387252465,
    "leg_bonus": 0.0,
    "terminal_penalty": -15.0,
    "terminal_bonus": 0.0,
    "flight_stability": -9.236506985333108
  },
  "candidate_return": -66.94420012260503,
  "episode_length": 73
}
