{
  "trajectory_id": "final_ep026",
  "component_totals": {
    "early_approach": 3.918755943536001,
    "early_speed_penalty": -21.146871127770282,
    "late_stability": -19.749653700273484,
    "leg_bonus": 0.0,
    "terminal_penalty": 0.0,
    "terminal_bonus": 0.0,
    "flight_stability": -4.514203839527909
  },
  "candidate_return": -41.49197272403567,
  "episode_length": 78
}
