{
  "trajectory_id": "final_ep018",
  "component_totals": {
    "early_approach": 4.100700372973452,
    "early_speed_penalty": -19.72536438703537,
    "late_stability": -18.357781520816893,
    "leg_bonus": 0.0,
    "terminal_penalty": 0.0,
    "terminal_bonus": 0.0,
    "flight_stability": -2.032599754125158
  },
  "candidate_return": -36.01504528900397,
  "episode_length": 58
}
