{
  "trajectory_id": "final_ep021",
  "component_totals": {
    "early_approach": 4.236360935433615,
    "early_speed_penalty": -19.884899079799652,
    "late_stability": -27.76291931020387,
    "leg_bonus": 0.0,
    "terminal_penalty": -15.0,
    "terminal_bonus": 0.0,
    "flight_stability": -8.685562796687009
  },
  "candidate_return": -67.09702025125691,
  "episode_length": 58
}
