{
  "trajectory_id": "final_ep001",
  "component_totals": {
    "early_approach": 3.898442545145946,
    "early_speed_penalty": -19.53288248181343,
    "late_stability": -17.990012601367198,
    "leg_bonus": 0.0,
    "terminal_penalty": 0.0,
    "terminal_bonus": 0.0,
    "flight_stability": -3.5394025168898224
  },
  "candidate_return": -37.163855054924504,
  "episode_length": 61
}
