{
  "trajectory_id": "final_ep015",
  "component_totals": {
    "early_approach": 3.8981565927152646,
    "early_speed_penalty": -20.012590654194355,
    "late_stability": -37.08254390861839,
    "leg_bonus": 0.0,
    "terminal_penalty": -15.0,
    "terminal_bonus": 0.0,
    "flight_stability": -9.126471190480515
  },
  "candidate_return": -77.32344916057801,
  "episode_length": 72
}
