{
  "trajectory_id": "final_ep040",
  "component_totals": {
    "early_approach": 4.067451683410401,
    "early_speed_penalty": -20.838370876852423,
    "late_stability": -27.055604577064514,
    "leg_bonus": 0.0,
    "terminal_penalty": -15.0,
    "terminal_bonus": 0.0,
    "flight_stability": -9.141558700386668
  },
  "candidate_return": -67.9680824708932,
  "episode_length": 77
}
