{
  "trajectory_id": "final_ep022",
  "component_totals": {
    "early_approach": 4.082524370950513,
    "early_speed_penalty": -20.141792844980955,
    "late_stability": -22.751091091427952,
    "leg_bonus": 0.0,
    "terminal_penalty": -15.0,
    "terminal_bonus": 0.0,
    "flight_stability": -6.629277769126929
  },
  "candidate_return": -60.43963733458533,
  "episode_length": 67
}
