{
  "trajectory_id": "final_ep037",
  "component_totals": {
    "early_approach": 4.414667142957311,
    "early_speed_penalty": -19.91485172510147,
    "late_stability": -21.903716376516968,
    "leg_bonus": 10.0,
    "terminal_penalty": -15.0,
    "terminal_bonus": 0.0,
    "flight_stability": -7.754437562660314
  },
  "candidate_return": -50.15833852132144,
  "episode_length": 53
}
