{
  "trajectory_id": "final_ep014",
  "component_totals": {
    "early_approach": 4.393189280394592,
    "early_speed_penalty": -20.149406626354903,
    "late_stability": -22.566099379211664,
    "leg_bonus": 20.0,
    "terminal_penalty": -15.0,
    "terminal_bonus": 0.0,
    "flight_stability": -8.997118505889375
  },
  "candidate_return": -42.31943523106135,
  "episode_length": 74
}
