{
  "trajectory_id": "final_ep013",
  "component_totals": {
    "early_approach": 4.19839623671041,
    "early_speed_penalty": -23.120778266340494,
    "late_stability": -27.43476655287668,
    "leg_bonus": 0.0,
    "terminal_penalty": -15.0,
    "terminal_bonus": 0.0,
    "flight_stability": -8.718762659933418
  },
  "candidate_return": -70.07591124244018,
  "episode_length": 85
}
