{
  "trajectory_id": "final_ep044",
  "component_totals": {
    "early_approach": 4.222085824363119,
    "early_speed_penalty": -19.60060002654791,
    "late_stability": -25.98257521656342,
    "leg_bonus": 0.0,
    "terminal_penalty": -15.0,
    "terminal_bonus": 0.0,
    "flight_stability": -8.446091171703301
  },
  "candidate_return": -64.80718059045151,
  "episode_length": 63
}
