{
  "trajectory_id": "final_ep033",
  "component_totals": {
    "early_approach": 4.2573259534182775,
    "low_alt_stability": 19.07443263498135,
    "leg_bonus": 0.0,
    "terminal_bonus": 0.0,
    "terminal_penalty": -1.6489674896001816
  },
  "candidate_return": 35.4773333697084,
  "episode_length": 74
}
