{
  "trajectory_id": "final_ep010",
  "component_totals": {
    "early_approach": 4.363230114157372,
    "low_alt_stability": 16.806559228240076,
    "leg_bonus": 10.0,
    "terminal_bonus": 0.0,
    "terminal_penalty": -1.771222649142146
  },
  "candidate_return": 42.16507642153271,
  "episode_length": 54
}
