{
  "trajectory_id": "final_ep044",
  "component_totals": {
    "early_approach": 4.351024529513905,
    "low_alt_stability": 20.422162031931975,
    "leg_bonus": 20.0,
    "terminal_bonus": 15.0,
    "terminal_penalty": 0.0
  },
  "candidate_return": 74.33529210692578,
  "episode_length": 59
}
