{
  "trajectory_id": "final_ep036",
  "component_totals": {
    "early_approach": 4.1040455028877,
    "low_alt_stability": 3.7881813468411565,
    "leg_bonus": 0.0,
    "terminal_bonus": 0.0,
    "terminal_penalty": -1.8131555020809174
  },
  "candidate_return": 12.077207523956217,
  "episode_length": 64
}
