{
  "trajectory_id": "final_ep040",
  "component_totals": {
    "early_approach": 4.510719459894293,
    "low_alt_stability": 22.976262541253504,
    "leg_bonus": 30.0,
    "terminal_bonus": 15.0,
    "terminal_penalty": 0.0
  },
  "candidate_return": 88.48583273166884,
  "episode_length": 82
}
