{
  "trajectory_id": "final_ep047",
  "component_totals": {
    "early_approach": 4.312117500212389,
    "low_alt_stability": 6.99260711343959,
    "leg_bonus": 0.0,
    "terminal_bonus": 0.0,
    "terminal_penalty": -1.9377599209547043
  },
  "candidate_return": 17.175385749629456,
  "episode_length": 83
}
