{
  "trajectory_id": "final_ep016",
  "component_totals": {
    "early_approach": 4.8093663236919415,
    "low_alt_stability": 22.019346264355818,
    "leg_bonus": 20.0,
    "terminal_bonus": 15.0,
    "terminal_penalty": 0.0
  },
  "candidate_return": 77.6477520439176,
  "episode_length": 91
}
