{
  "trajectory_id": "final_ep019",
  "component_totals": {
    "early_approach": 4.2917534201712595,
    "low_alt_stability": 18.872645068913698,
    "leg_bonus": 30.0,
    "terminal_bonus": 15.0,
    "terminal_penalty": 0.0
  },
  "candidate_return": 81.89247444371307,
  "episode_length": 60
}
