{
  "trajectory_id": "final_ep041",
  "component_totals": {
    "early_approach": 4.461575898998056,
    "low_alt_stability": 21.688578152487537,
    "leg_bonus": 20.0,
    "terminal_bonus": 15.0,
    "terminal_penalty": 0.0
  },
  "candidate_return": 76.45601902672742,
  "episode_length": 62
}
