{
  "trajectory_id": "final_ep001",
  "component_totals": {
    "early_approach": 4.516001931450788,
    "low_alt_stability": 19.692726345849223,
    "leg_bonus": 0.0,
    "terminal_bonus": 0.0,
    "terminal_penalty": -1.931617558002472
  },
  "candidate_return": 36.63947582367294,
  "episode_length": 85
}
