{
  "trajectory_id": "final_ep042",
  "component_totals": {
    "early_approach": 4.844127400004032,
    "low_alt_stability": 22.23598030514662,
    "leg_bonus": 20.0,
    "terminal_bonus": 15.0,
    "terminal_penalty": 0.0
  },
  "candidate_return": 78.04222525772799,
  "episode_length": 93
}
