{
  "trajectory_id": "final_ep003",
  "component_totals": {
    "early_approach": 4.106929305275943,
    "low_alt_stability": 3.7349284780211747,
    "leg_bonus": 0.0,
    "terminal_bonus": 0.0,
    "terminal_penalty": -1.783841460943222
  },
  "candidate_return": 12.032409866640426,
  "episode_length": 59
}
