{
  "trajectory_id": "final_ep032",
  "component_totals": {
    "early_approach": 4.349318635773259,
    "low_alt_stability": 19.77096842562267,
    "leg_bonus": 20.0,
    "terminal_bonus": 15.0,
    "terminal_penalty": 0.0
  },
  "candidate_return": 73.35508990998052,
  "episode_length": 59
}
