{
  "trajectory_id": "final_ep005",
  "component_totals": {
    "early_approach": 4.506929097352446,
    "low_alt_stability": 18.18409475684166,
    "leg_bonus": 0.0,
    "terminal_bonus": 0.0,
    "terminal_penalty": -1.569276362657547
  },
  "candidate_return": 34.72072396730984,
  "episode_length": 83
}
