{
  "trajectory_id": "final_ep037",
  "component_totals": {
    "early_approach": 4.257175050140064,
    "low_alt_stability": 21.563153153285384,
    "leg_bonus": 0.0,
    "terminal_bonus": 0.0,
    "terminal_penalty": -1.5922458916902542
  },
  "candidate_return": 39.26683393851795,
  "episode_length": 68
}
