{
  "trajectory_id": "final_ep021",
  "component_totals": {
    "early_approach": 4.401214964527189,
    "low_alt_stability": 18.84893073141575,
    "leg_bonus": 20.0,
    "terminal_bonus": 0.0,
    "terminal_penalty": -1.3627716526389122
  },
  "candidate_return": 55.71305437353909,
  "episode_length": 60
}
