{
  "trajectory_id": "final_ep000",
  "component_totals": {
    "early_approach": 4.538785620381074,
    "low_alt_stability": 20.305400916803137,
    "leg_bonus": 20.0,
    "terminal_bonus": 15.0,
    "terminal_penalty": 0.0
  },
  "candidate_return": 74.53567261596686,
  "episode_length": 78
}
