{
  "trajectory_id": "final_ep014",
  "component_totals": {
    "early_approach": 4.369977691599552,
    "low_alt_stability": 19.836093651145347,
    "leg_bonus": 20.0,
    "terminal_bonus": 15.0,
    "terminal_penalty": 0.0
  },
  "candidate_return": 73.49409585991712,
  "episode_length": 77
}
