{
  "trajectory_id": "final_ep029",
  "component_totals": {
    "early_approach": 4.225998181325566,
    "low_alt_stability": 19.191213093799888,
    "leg_bonus": 0.0,
    "terminal_bonus": 0.0,
    "terminal_penalty": -1.9140904247760773
  },
  "candidate_return": 35.324725578574885,
  "episode_length": 77
}
