{
  "trajectory_id": "final_ep037",
  "component_totals": {
    "approach_progress": 0.9661413523651508,
    "high_speed_penalty": -41.20391608534847,
    "proximity_bonus": 32.95894540820583,
    "near_stability": 5.509834882104769,
    "leg_bonus": 21.0,
    "safe_landing_bonus": 15.0,
    "crash_penalty": 0.0,
    "low_progress_timeout": 0.0
  },
  "candidate_return": 34.23100555732728,
  "episode_length": 149
}
