{
  "trajectory_id": "final_ep044",
  "component_totals": {
    "approach_progress": 1.1205929752838861,
    "high_speed_penalty": -38.37749343106117,
    "proximity_bonus": 77.54544853634408,
    "near_stability": 36.8258010775462,
    "leg_bonus": 12.0,
    "safe_landing_bonus": 15.0,
    "crash_penalty": 0.0,
    "low_progress_timeout": 0.0
  },
  "candidate_return": 104.11434915811299,
  "episode_length": 229
}
