{
  "trajectory_id": "final_ep009",
  "component_totals": {
    "approach_progress": 0.8730842540534011,
    "high_speed_penalty": -46.71144271977244,
    "proximity_bonus": 47.06559216145142,
    "near_stability": 5.007514785043895,
    "leg_bonus": 15.0,
    "safe_landing_bonus": 15.0,
    "crash_penalty": 0.0,
    "low_progress_timeout": 0.0
  },
  "candidate_return": 36.234748480776254,
  "episode_length": 187
}
