{
  "trajectory_id": "final_ep041",
  "component_totals": {
    "early_approach": 4.43683124055663,
    "early_speed_penalty": 0.0,
    "late_stability": -12.076720297336578,
    "leg_bonus": 10.0,
    "terminal_penalty": 0.0,
    "terminal_bonus": 8.476726062309274,
    "flight_stability": -6.759317587595433
  },
  "candidate_return": 4.0775194179338925,
  "episode_length": 68
}
