{
  "trajectory_id": "final_ep012",
  "component_totals": {
    "early_approach": 3.9305471352182884,
    "early_speed_penalty": 0.0,
    "late_stability": -14.651053734123707,
    "leg_bonus": 0.0,
    "terminal_penalty": 0.0,
    "terminal_bonus": 0.0,
    "flight_stability": -4.786767050623894
  },
  "candidate_return": -15.507273649529314,
  "episode_length": 55
}
