{
  "trajectory_id": "final_ep040",
  "component_totals": {
    "early_approach": 4.3757221707170455,
    "early_speed_penalty": 0.0,
    "late_stability": -13.372006978199352,
    "leg_bonus": 0.0,
    "terminal_penalty": -10.0,
    "terminal_bonus": 0.0,
    "flight_stability": -4.30317717595608
  },
  "candidate_return": -23.299461983438384,
  "episode_length": 83
}
