{
  "trajectory_id": "final_ep009",
  "component_totals": {
    "early_approach": 4.433389315780988,
    "early_speed_penalty": 0.0,
    "late_stability": -4.140069827283803,
    "leg_bonus": 20.0,
    "terminal_penalty": 0.0,
    "terminal_bonus": 14.99602080353814,
    "flight_stability": -2.2959906944286175
  },
  "candidate_return": 32.99334959760671,
  "episode_length": 64
}
