{
  "trajectory_id": "final_ep029",
  "component_totals": {
    "early_approach": 3.6890216192022955,
    "early_speed_penalty": 0.0,
    "late_stability": -23.530831219628453,
    "leg_bonus": 0.0,
    "terminal_penalty": 0.0,
    "terminal_bonus": 0.0,
    "flight_stability": -5.614845968986629
  },
  "candidate_return": -25.45665556941279,
  "episode_length": 90
}
