{
  "trajectory_id": "final_ep020",
  "component_totals": {
    "early_approach": 4.000732278692152,
    "early_speed_penalty": 0.0,
    "late_stability": -18.44740792515222,
    "leg_bonus": 0.0,
    "terminal_penalty": 0.0,
    "terminal_bonus": 0.0,
    "flight_stability": -4.336812714172993
  },
  "candidate_return": -18.783488360633058,
  "episode_length": 79
}
