{
  "trajectory_id": "final_ep018",
  "component_totals": {
    "early_approach": 4.3980566767675136,
    "early_speed_penalty": 0.0,
    "late_stability": -3.287647179162917,
    "leg_bonus": 20.0,
    "terminal_penalty": 0.0,
    "terminal_bonus": 14.991969352365453,
    "flight_stability": -1.15075565636306
  },
  "candidate_return": 34.95162319360699,
  "episode_length": 53
}
