{
  "trajectory_id": "final_ep024",
  "component_totals": {
    "early_approach": 4.365396211085411,
    "early_speed_penalty": 0.0,
    "late_stability": -4.154578536410703,
    "leg_bonus": 20.0,
    "terminal_penalty": 0.0,
    "terminal_bonus": 14.996095675776436,
    "flight_stability": -2.0866818654751
  },
  "candidate_return": 33.120231484976046,
  "episode_length": 59
}
