{
  "trajectory_id": "final_ep034",
  "component_totals": {
    "early_approach": 4.536822872397833,
    "early_speed_penalty": 0.0,
    "late_stability": -12.710177938453853,
    "leg_bonus": 0.0,
    "terminal_penalty": 0.0,
    "terminal_bonus": 0.0,
    "flight_stability": -5.381233830703422
  },
  "candidate_return": -13.554588896759444,
  "episode_length": 91
}
