{
  "trajectory_id": "final_ep043",
  "component_totals": {
    "early_approach": 4.977117632586353,
    "early_speed_penalty": 0.0,
    "late_stability": -2.928226068509037,
    "leg_bonus": 30.0,
    "terminal_penalty": 0.0,
    "terminal_bonus": 14.995190304770766,
    "flight_stability": -2.5157379459880076
  },
  "candidate_return": 44.528343922860074,
  "episode_length": 91
}
