{
  "trajectory_id": "final_ep000",
  "component_totals": {
    "early_approach": 4.558424968643224,
    "early_speed_penalty": 0.0,
    "late_stability": -3.7954341434475776,
    "leg_bonus": 10.0,
    "terminal_penalty": 0.0,
    "terminal_bonus": 14.997322940300293,
    "flight_stability": -1.8764831142940785
  },
  "candidate_return": 23.883830651201862,
  "episode_length": 78
}
