{
  "trajectory_id": "final_ep014",
  "component_totals": {
    "early_approach": 4.444812941346606,
    "early_speed_penalty": 0.0,
    "late_stability": -4.457277313049417,
    "leg_bonus": 10.0,
    "terminal_penalty": 0.0,
    "terminal_bonus": 14.497856846303376,
    "flight_stability": -1.2109251493529882
  },
  "candidate_return": 23.274467325247578,
  "episode_length": 72
}
