{
  "trajectory_id": "final_ep046",
  "component_totals": {
    "early_approach": 3.84211753191688,
    "early_speed_penalty": 0.0,
    "late_stability": -16.625599009916186,
    "leg_bonus": 0.0,
    "terminal_penalty": 0.0,
    "terminal_bonus": 0.0,
    "flight_stability": -4.020396188367158
  },
  "candidate_return": -16.803877666366464,
  "episode_length": 84
}
