{
  "trajectory_id": "final_ep026",
  "component_totals": {
    "early_approach": 4.421149678769565,
    "early_speed_penalty": 0.0,
    "late_stability": -1.6011120802743761,
    "leg_bonus": 20.0,
    "terminal_penalty": 0.0,
    "terminal_bonus": 14.996264307063672,
    "flight_stability": -1.0729553691826794
  },
  "candidate_return": 36.74334653637618,
  "episode_length": 68
}
