{
  "trajectory_id": "final_ep013",
  "component_totals": {
    "early_approach": 4.3218663740117815,
    "early_speed_penalty": 0.0,
    "late_stability": -13.001229597110068,
    "leg_bonus": 0.0,
    "terminal_penalty": 0.0,
    "terminal_bonus": 0.0,
    "flight_stability": -4.229814392674598
  },
  "candidate_return": -12.909177615772887,
  "episode_length": 64
}
