{
  "trajectory_id": "final_ep047",
  "component_totals": {
    "early_approach": 4.395916814478989,
    "early_speed_penalty": 0.0,
    "late_stability": -6.716095467680134,
    "leg_bonus": 20.0,
    "terminal_penalty": 0.0,
    "terminal_bonus": 14.858208832245936,
    "flight_stability": -3.212829480005894
  },
  "candidate_return": 29.3252006990389,
  "episode_length": 56
}
