{
  "trajectory_id": "final_ep035",
  "component_totals": {
    "early_approach": 4.266614277055275,
    "early_speed_penalty": 0.0,
    "late_stability": -7.513638506439747,
    "leg_bonus": 20.0,
    "terminal_penalty": 0.0,
    "terminal_bonus": 14.988355176160141,
    "flight_stability": -2.9691804692702135
  },
  "candidate_return": 28.772150477505456,
  "episode_length": 53
}
