{
  "trajectory_id": "final_ep039",
  "component_totals": {
    "early_approach": 4.260326500295973,
    "early_speed_penalty": 0.0,
    "late_stability": -6.622852987772785,
    "leg_bonus": 0.0,
    "terminal_penalty": 0.0,
    "terminal_bonus": 0.0,
    "flight_stability": -1.012351252656663
  },
  "candidate_return": -3.3748777401334755,
  "episode_length": 53
}
