{
  "trajectory_id": "final_ep042",
  "component_totals": {
    "early_approach": 4.333577895022586,
    "early_speed_penalty": 0.0,
    "late_stability": -15.53944617509842,
    "leg_bonus": 0.0,
    "terminal_penalty": -10.0,
    "terminal_bonus": 0.0,
    "flight_stability": -8.26721158856526
  },
  "candidate_return": -29.473079868641094,
  "episode_length": 73
}
