{
  "trajectory_id": "final_ep021",
  "component_totals": {
    "early_approach": 4.710415232063623,
    "early_speed_penalty": 0.0,
    "late_stability": -5.3446337819178575,
    "leg_bonus": 10.0,
    "terminal_penalty": 0.0,
    "terminal_bonus": 14.996033539936354,
    "flight_stability": -4.103740813618586
  },
  "candidate_return": 20.258074176463538,
  "episode_length": 86
}
