{
  "trajectory_id": "final_ep003",
  "component_totals": {
    "early_approach": 3.7680744006154288,
    "early_speed_penalty": 0.0,
    "late_stability": -11.996640322729945,
    "leg_bonus": 0.0,
    "terminal_penalty": -10.0,
    "terminal_bonus": 0.0,
    "flight_stability": -9.360791102517396
  },
  "candidate_return": -27.589357024631912,
  "episode_length": 75
}
