{
  "trajectory_id": "final_ep044",
  "component_totals": {
    "early_approach": 4.496059452434733,
    "early_speed_penalty": 0.0,
    "late_stability": -1.7982915760458322,
    "leg_bonus": 20.0,
    "terminal_penalty": 0.0,
    "terminal_bonus": 14.995616700820435,
    "flight_stability": -1.3074024745726192
  },
  "candidate_return": 36.38598210263672,
  "episode_length": 71
}
