{
  "trajectory_id": "final_ep028",
  "component_totals": {
    "early_approach": 4.2951589601416895,
    "early_speed_penalty": 0.0,
    "late_stability": -8.885561918606982,
    "leg_bonus": 0.0,
    "terminal_penalty": 0.0,
    "terminal_bonus": 0.0,
    "flight_stability": -3.1277404482243583
  },
  "candidate_return": -7.71814340668965,
  "episode_length": 73
}
