{
  "trajectory_id": "final_ep001",
  "component_totals": {
    "early_approach": 4.610552439157077,
    "early_speed_penalty": 0.0,
    "late_stability": -8.276924029225484,
    "leg_bonus": 20.0,
    "terminal_penalty": -10.0,
    "terminal_bonus": 0.0,
    "flight_stability": -4.7601025979965925
  },
  "candidate_return": 1.573525811935001,
  "episode_length": 78
}
