{
  "trajectory_id": "final_ep038",
  "component_totals": {
    "early_approach": 4.36511003782302,
    "early_speed_penalty": 0.0,
    "late_stability": -7.952246969859857,
    "leg_bonus": 0.0,
    "terminal_penalty": 0.0,
    "terminal_bonus": 0.0,
    "flight_stability": -3.265005560011275
  },
  "candidate_return": -6.852142492048113,
  "episode_length": 54
}
