{
  "trajectory_id": "final_ep006",
  "component_totals": {
    "early_approach": 4.031678300348646,
    "early_speed_penalty": 0.0,
    "late_stability": -14.231815334409475,
    "leg_bonus": 0.0,
    "terminal_penalty": 0.0,
    "terminal_bonus": 0.0,
    "flight_stability": -8.132473978679627
  },
  "candidate_return": -18.332611012740458,
  "episode_length": 78
}
