{
  "trajectory_id": "final_ep032",
  "component_totals": {
    "early_approach": 4.041204528355236,
    "early_speed_penalty": 0.0,
    "late_stability": -16.261420713039115,
    "leg_bonus": 0.0,
    "terminal_penalty": -10.0,
    "terminal_bonus": 0.0,
    "flight_stability": -4.176345989573747
  },
  "candidate_return": -26.396562174257628,
  "episode_length": 76
}
