{
  "trajectory_id": "final_ep049",
  "component_totals": {
    "early_approach": 4.400721587526219,
    "early_speed_penalty": 0.0,
    "late_stability": -8.314991662278771,
    "leg_bonus": 0.0,
    "terminal_penalty": 0.0,
    "terminal_bonus": 0.0,
    "flight_stability": -4.488063123077154
  },
  "candidate_return": -8.402333197829707,
  "episode_length": 64
}
