{
  "trajectory_id": "final_ep025",
  "component_totals": {
    "early_approach": 4.562928625090835,
    "early_speed_penalty": 0.0,
    "late_stability": -3.2857240727759773,
    "leg_bonus": 20.0,
    "terminal_penalty": 0.0,
    "terminal_bonus": 14.995254786429628,
    "flight_stability": -2.3901392684656884
  },
  "candidate_return": 33.882320070278794,
  "episode_length": 82
}
