{
  "trajectory_id": "final_ep023",
  "component_totals": {
    "early_approach": 3.947723455994164,
    "early_speed_penalty": 0.0,
    "late_stability": -11.838601595489308,
    "leg_bonus": 0.0,
    "terminal_penalty": -10.0,
    "terminal_bonus": 0.0,
    "flight_stability": -4.375856821134221
  },
  "candidate_return": -22.266734960629364,
  "episode_length": 71
}
