{
  "trajectory_id": "final_ep033",
  "component_totals": {
    "early_approach": 4.469725033713603,
    "early_speed_penalty": 0.0,
    "late_stability": -1.469621219177926,
    "leg_bonus": 20.0,
    "terminal_penalty": 0.0,
    "terminal_bonus": 14.996366029588051,
    "flight_stability": -0.9136533556667864
  },
  "candidate_return": 37.08281648845694,
  "episode_length": 58
}
