{
  "trajectory_id": "final_ep030",
  "component_totals": {
    "early_approach": 4.54708941815087,
    "early_speed_penalty": 0.0,
    "late_stability": -0.529813603672701,
    "leg_bonus": 20.0,
    "terminal_penalty": 0.0,
    "terminal_bonus": 14.996291691058987,
    "flight_stability": -0.36415823108110906
  },
  "candidate_return": 38.64940927445605,
  "episode_length": 77
}
