{
  "trajectory_id": "final_ep004",
  "component_totals": {
    "early_approach": 4.29209552425578,
    "early_speed_penalty": 0.0,
    "late_stability": -15.632963029667735,
    "leg_bonus": 0.0,
    "terminal_penalty": -10.0,
    "terminal_bonus": 0.0,
    "flight_stability": -6.1760278288275
  },
  "candidate_return": -27.516895334239457,
  "episode_length": 52
}
