{
  "trajectory_id": "final_ep011",
  "component_totals": {
    "early_approach": 3.6863326814720776,
    "early_speed_penalty": 0.0,
    "late_stability": -15.95093344990164,
    "leg_bonus": 0.0,
    "terminal_penalty": 0.0,
    "terminal_bonus": 0.0,
    "flight_stability": -7.902608720352873
  },
  "candidate_return": -20.167209488782436,
  "episode_length": 81
}
