{
  "trajectory_id": "final_ep015",
  "component_totals": {
    "early_approach": 4.660343185328352,
    "early_speed_penalty": 0.0,
    "late_stability": -16.594283437356353,
    "leg_bonus": 0.0,
    "terminal_penalty": -10.0,
    "terminal_bonus": 0.0,
    "flight_stability": -11.55680287675932
  },
  "candidate_return": -33.49074312878732,
  "episode_length": 91
}
