{
  "trajectory_id": "final_ep008",
  "component_totals": {
    "early_approach": 4.407626721685084,
    "early_speed_penalty": 0.0,
    "late_stability": -4.660590484765528,
    "leg_bonus": 20.0,
    "terminal_penalty": 0.0,
    "terminal_bonus": 14.999789811321289,
    "flight_stability": -1.4575963719098048
  },
  "candidate_return": 33.28922967633104,
  "episode_length": 68
}
