{
  "trajectory_id": "final_ep010",
  "component_totals": {
    "early_approach": 4.121934015216448,
    "early_speed_penalty": 0.0,
    "late_stability": -15.250135908834636,
    "leg_bonus": 0.0,
    "terminal_penalty": -10.0,
    "terminal_bonus": 0.0,
    "flight_stability": -5.4502976313233376
  },
  "candidate_return": -26.578499524941524,
  "episode_length": 86
}
