{
  "trajectory_id": "final_ep027",
  "component_totals": {
    "early_approach": 4.395277357640522,
    "early_speed_penalty": 0.0,
    "late_stability": -11.754498727153987,
    "leg_bonus": 0.0,
    "terminal_penalty": -10.0,
    "terminal_bonus": 0.0,
    "flight_stability": -4.519563578302041
  },
  "candidate_return": -21.878784947815504,
  "episode_length": 82
}
