{
  "trajectory_id": "final_ep017",
  "component_totals": {
    "early_approach": 4.4811925802831984,
    "early_speed_penalty": 0.0,
    "late_stability": -12.28556808643043,
    "leg_bonus": 0.0,
    "terminal_penalty": -10.0,
    "terminal_bonus": 0.0,
    "flight_stability": -5.47027278598398
  },
  "candidate_return": -23.27464829213121,
  "episode_length": 85
}
