{
  "trajectory_id": "final_ep007",
  "component_totals": {
    "early_approach": 4.340769782078473,
    "early_speed_penalty": 0.0,
    "late_stability": -7.243129121372476,
    "leg_bonus": 20.0,
    "terminal_penalty": 0.0,
    "terminal_bonus": 14.964022865218201,
    "flight_stability": -3.303851120872423
  },
  "candidate_return": 28.757812405051773,
  "episode_length": 57
}
