{
  "trajectory_id": "final_ep005",
  "component_totals": {
    "early_approach": 4.318895021957349,
    "early_speed_penalty": 0.0,
    "late_stability": -5.315798601851441,
    "leg_bonus": 10.0,
    "terminal_penalty": 0.0,
    "terminal_bonus": 14.9240788063355,
    "flight_stability": -0.8721265161380245
  },
  "candidate_return": 23.055048710303385,
  "episode_length": 53
}
