{
  "trajectory_id": "final_ep048",
  "component_totals": {
    "early_approach": 3.7683742836563945,
    "early_speed_penalty": 0.0,
    "late_stability": -18.156107580289245,
    "leg_bonus": 0.0,
    "terminal_penalty": -10.0,
    "terminal_bonus": 0.0,
    "flight_stability": -8.809471438638866
  },
  "candidate_return": -33.19720473527172,
  "episode_length": 72
}
