{
  "trajectory_id": "final_ep037",
  "component_totals": {
    "early_approach": 4.4089808745224515,
    "early_speed_penalty": 0.0,
    "late_stability": -3.846945038544291,
    "leg_bonus": 20.0,
    "terminal_penalty": 0.0,
    "terminal_bonus": 14.996297675269243,
    "flight_stability": -2.3159417198972676
  },
  "candidate_return": 33.24239179135014,
  "episode_length": 69
}
