{
  "trajectory_id": "final_ep036",
  "component_totals": {
    "early_approach": 4.443896200657482,
    "early_speed_penalty": 0.0,
    "late_stability": -16.9715260528028,
    "leg_bonus": 0.0,
    "terminal_penalty": -10.0,
    "terminal_bonus": 0.0,
    "flight_stability": -10.200480376370251
  },
  "candidate_return": -32.72811022851557,
  "episode_length": 85
}
