{
  "trajectory_id": "final_ep045",
  "component_totals": {
    "early_approach": 4.474881283355382,
    "early_speed_penalty": 0.0,
    "late_stability": -12.42173634810024,
    "leg_bonus": 0.0,
    "terminal_penalty": -10.0,
    "terminal_bonus": 0.0,
    "flight_stability": -4.857295219859225
  },
  "candidate_return": -22.804150284604084,
  "episode_length": 83
}
