{
  "trajectory_id": "final_ep002",
  "component_totals": {
    "early_approach": 3.898013287122782,
    "early_speed_penalty": 0.0,
    "late_stability": -18.64233397692442,
    "leg_bonus": 0.0,
    "terminal_penalty": -10.0,
    "terminal_bonus": 0.0,
    "flight_stability": -9.615937346825376
  },
  "candidate_return": -34.360258036627016,
  "episode_length": 75
}
