{
  "trajectory_id": "final_ep016",
  "component_totals": {
    "early_approach": 4.496223129934417,
    "early_speed_penalty": 0.0,
    "late_stability": -2.847073377848549,
    "leg_bonus": 20.0,
    "terminal_penalty": 0.0,
    "terminal_bonus": 14.99521905621397,
    "flight_stability": -1.8587687751459612
  },
  "candidate_return": 34.785600033153884,
  "episode_length": 74
}
