{
  "trajectory_id": "final_ep019",
  "component_totals": {
    "early_approach": 4.171962747835879,
    "early_speed_penalty": 0.0,
    "late_stability": -17.835779363289475,
    "leg_bonus": 0.0,
    "terminal_penalty": 0.0,
    "terminal_bonus": 0.0,
    "flight_stability": -10.72292856220156
  },
  "candidate_return": -24.386745177655158,
  "episode_length": 85
}
