{
  "trajectory_id": "final_ep022",
  "component_totals": {
    "early_approach": 4.2370460400745085,
    "early_speed_penalty": 0.0,
    "late_stability": -15.458875872194767,
    "leg_bonus": 0.0,
    "terminal_penalty": 0.0,
    "terminal_bonus": 0.0,
    "flight_stability": -10.448087928816676
  },
  "candidate_return": -21.669917760936933,
  "episode_length": 81
}
