{
  "trajectory_id": "final_ep031",
  "component_totals": {
    "early_approach": 4.258264228912144,
    "early_speed_penalty": 0.0,
    "late_stability": -10.490928987972438,
    "leg_bonus": 0.0,
    "terminal_penalty": -10.0,
    "terminal_bonus": 0.0,
    "flight_stability": -5.008652118034661
  },
  "candidate_return": -21.241316877094953,
  "episode_length": 61
}
