{
  "trajectory_id": "final_ep013",
  "component_totals": {
    "approach_progress": 1.7180993012738432,
    "unsafe_early": 0.0,
    "proximity_bonus": 344.65224444856943,
    "near_stability": 999.6339542010273,
    "leg_bonus": 0.0,
    "landing_bonus": 0.0,
    "crash_penalty": 0.0,
    "low_progress_timeout": 0.0
  },
  "candidate_return": 1346.0042979508708,
  "episode_length": 1000
}
