{
  "trajectory_id": "final_ep028",
  "component_totals": {
    "approach_progress": 2.2313748243228964,
    "unsafe_early": 0.0,
    "proximity_bonus": 494.99679502878513,
    "near_stability": 1020.5096136430639,
    "leg_bonus": 0.0,
    "landing_bonus": 0.0,
    "crash_penalty": 0.0,
    "low_progress_timeout": 0.0
  },
  "candidate_return": 1517.737783496172,
  "episode_length": 1000
}
