{
  "trajectory_id": "final_ep039",
  "component_totals": {
    "approach_progress": 2.350655818328219,
    "unsafe_early": 0.0,
    "proximity_bonus": 647.4242383380299,
    "near_stability": 1011.0520023779341,
    "leg_bonus": 0.0,
    "landing_bonus": 0.0,
    "crash_penalty": 0.0,
    "low_progress_timeout": 0.0
  },
  "candidate_return": 1660.8268965342909,
  "episode_length": 1000
}
