{
  "trajectory_id": "final_ep010",
  "component_totals": {
    "approach_progress": 1.625533507154922,
    "unsafe_early": 0.0,
    "proximity_bonus": 3.002475422497044,
    "near_stability": 90.95033081942529,
    "leg_bonus": 0.0,
    "landing_bonus": 0.0,
    "crash_penalty": 0.0,
    "low_progress_timeout": -0.5
  },
  "candidate_return": 95.07833974907744,
  "episode_length": 1000
}
