{
  "trajectory_id": "final_ep017",
  "component_totals": {
    "approach_progress": 2.2036085049139054,
    "unsafe_early": 0.0,
    "proximity_bonus": 187.47495157173313,
    "near_stability": 783.1776012145353,
    "leg_bonus": 0.0,
    "landing_bonus": 0.0,
    "crash_penalty": 0.0,
    "low_progress_timeout": 0.0
  },
  "candidate_return": 972.8561612911832,
  "episode_length": 880
}
