{
  "trajectory_id": "final_ep012",
  "component_totals": {
    "approach_progress": 2.0876724765997934,
    "unsafe_early": 0.0,
    "proximity_bonus": 506.39468846029564,
    "near_stability": 995.226026457106,
    "leg_bonus": 0.0,
    "landing_bonus": 0.0,
    "crash_penalty": 0.0,
    "low_progress_timeout": 0.0
  },
  "candidate_return": 1503.708387394001,
  "episode_length": 1000
}
