{
  "trajectory_id": "final_ep003",
  "component_totals": {
    "approach_progress": 0.9716284162419664,
    "unsafe_early": 0.0,
    "proximity_bonus": 0.30961733095762156,
    "near_stability": 50.389655379229225,
    "leg_bonus": 0.0,
    "landing_bonus": 0.0,
    "crash_penalty": 0.0,
    "low_progress_timeout": -0.5
  },
  "candidate_return": 51.170901126428824,
  "episode_length": 1000
}
