{
  "trajectory_id": "final_ep048",
  "component_totals": {
    "approach_progress": 2.0058221844747957,
    "unsafe_early": 0.0,
    "proximity_bonus": 516.1774458983688,
    "near_stability": 995.5427630153927,
    "leg_bonus": 0.0,
    "landing_bonus": 0.0,
    "crash_penalty": 0.0,
    "low_progress_timeout": 0.0
  },
  "candidate_return": 1513.7260310982365,
  "episode_length": 1000
}
