{
  "trajectory_id": "final_ep040",
  "component_totals": {
    "approach_progress": 1.3287204298310218,
    "unsafe_early": 0.0,
    "proximity_bonus": 46.10890737740203,
    "near_stability": 428.597163414408,
    "leg_bonus": 0.0,
    "landing_bonus": 0.0,
    "crash_penalty": 0.0,
    "low_progress_timeout": -0.5
  },
  "candidate_return": 475.53479122164146,
  "episode_length": 1000
}
