{
  "trajectory_id": "final_ep037",
  "component_totals": {
    "approach_progress": 1.9617085668754004,
    "unsafe_early": 0.0,
    "proximity_bonus": 83.49121786695537,
    "near_stability": 869.9388538871899,
    "leg_bonus": 0.0,
    "landing_bonus": 0.0,
    "crash_penalty": 0.0,
    "low_progress_timeout": 0.0
  },
  "candidate_return": 955.3917803210196,
  "episode_length": 1000
}
