{
  "trajectory_id": "final_ep035",
  "component_totals": {
    "approach_progress": 2.084988647997409,
    "unsafe_early": 0.0,
    "proximity_bonus": 663.1155905916455,
    "near_stability": 1019.1420447101946,
    "leg_bonus": 0.0,
    "landing_bonus": 0.0,
    "crash_penalty": 0.0,
    "low_progress_timeout": 0.0
  },
  "candidate_return": 1684.3426239498356,
  "episode_length": 1000
}
