{
  "trajectory_id": "final_ep038",
  "component_totals": {
    "approach_progress": 2.167090265233724,
    "unsafe_early": 0.0,
    "proximity_bonus": 634.536706306852,
    "near_stability": 1034.0838666336776,
    "leg_bonus": 0.0,
    "landing_bonus": 0.0,
    "crash_penalty": 0.0,
    "low_progress_timeout": 0.0
  },
  "candidate_return": 1670.7876632057628,
  "episode_length": 1000
}
