{
  "trajectory_id": "final_ep049",
  "component_totals": {
    "approach_progress": 1.7309906014808143,
    "unsafe_early": 0.0,
    "proximity_bonus": 3.9674621368041514,
    "near_stability": 273.93400486833343,
    "leg_bonus": 0.0,
    "landing_bonus": 0.0,
    "crash_penalty": 0.0,
    "low_progress_timeout": -0.5
  },
  "candidate_return": 279.13245760661863,
  "episode_length": 1000
}
