{
  "trajectory_id": "final_ep000",
  "component_totals": {
    "approach_progress": 2.0534262712390277,
    "unsafe_early": 0.0,
    "proximity_bonus": 511.7828240435244,
    "near_stability": 1020.5877652657891,
    "leg_bonus": 0.0,
    "landing_bonus": 0.0,
    "crash_penalty": 0.0,
    "low_progress_timeout": 0.0
  },
  "candidate_return": 1534.4240155805524,
  "episode_length": 1000
}
