{
  "trajectory_id": "final_ep044",
  "component_totals": {
    "approach_progress": 1.4638033994369972,
    "unsafe_early": -3.5,
    "proximity_bonus": 6.691982903489862,
    "near_stability": 177.78285721719658,
    "leg_bonus": 0.0,
    "landing_bonus": 0.0,
    "crash_penalty": 0.0,
    "low_progress_timeout": 0.0
  },
  "candidate_return": 182.43864352012355,
  "episode_length": 727
}
