{
  "trajectory_id": "final_ep019",
  "component_totals": {
    "approach_progress": 1.9743791414463003,
    "unsafe_early": 0.0,
    "proximity_bonus": 510.50455493134035,
    "near_stability": 1010.9982880228581,
    "leg_bonus": 0.0,
    "landing_bonus": 0.0,
    "crash_penalty": 0.0,
    "low_progress_timeout": 0.0
  },
  "candidate_return": 1523.477222095646,
  "episode_length": 1000
}
