{
  "trajectory_id": "final_ep033",
  "component_totals": {
    "approach_progress": 2.0310590389525505,
    "unsafe_early": 0.0,
    "proximity_bonus": 341.936003086199,
    "near_stability": 962.3550874311914,
    "leg_bonus": 0.0,
    "landing_bonus": 0.0,
    "crash_penalty": 0.0,
    "low_progress_timeout": 0.0
  },
  "candidate_return": 1306.3221495563428,
  "episode_length": 1000
}
