{
  "trajectory_id": "final_ep031",
  "component_totals": {
    "approach_progress": 1.8880578939483246,
    "unsafe_early": 0.0,
    "proximity_bonus": 180.44793181564447,
    "near_stability": 669.5460946843914,
    "leg_bonus": 0.0,
    "landing_bonus": 0.0,
    "crash_penalty": 0.0,
    "low_progress_timeout": -0.5
  },
  "candidate_return": 851.3820843939849,
  "episode_length": 1000
}
