{
  "trajectory_id": "final_ep032",
  "component_totals": {
    "approach_progress": 2.0924942211589994,
    "unsafe_early": -10.0,
    "proximity_bonus": 110.13502768656673,
    "near_stability": 619.0432041576405,
    "leg_bonus": 198.0,
    "landing_bonus": 0.0,
    "crash_penalty": 0.0,
    "low_progress_timeout": 0.0
  },
  "candidate_return": 919.2707260653655,
  "episode_length": 812
}
