{
  "trajectory_id": "final_ep009",
  "component_totals": {
    "approach_progress": 2.3203337344668875,
    "unsafe_early": 0.0,
    "proximity_bonus": 312.9156996931885,
    "near_stability": 853.2392590391628,
    "leg_bonus": 18.0,
    "landing_bonus": 0.0,
    "crash_penalty": 0.0,
    "low_progress_timeout": 0.0
  },
  "candidate_return": 1186.4752924668178,
  "episode_length": 940
}
