{
  "trajectory_id": "final_ep045",
  "component_totals": {
    "approach_progress": 1.7302586976144212,
    "unsafe_early": 0.0,
    "proximity_bonus": 58.47915586115481,
    "near_stability": 562.0774300573721,
    "leg_bonus": 0.0,
    "landing_bonus": 0.0,
    "crash_penalty": 0.0,
    "low_progress_timeout": -0.5
  },
  "candidate_return": 621.7868446161426,
  "episode_length": 1000
}
