{
  "trajectory_id": "final_ep043",
  "component_totals": {
    "approach_progress": 1.2384655440968777,
    "unsafe_early": 0.0,
    "proximity_bonus": 15.856733490433676,
    "near_stability": 383.5555825550455,
    "leg_bonus": 0.0,
    "landing_bonus": 0.0,
    "crash_penalty": 0.0,
    "low_progress_timeout": -0.5
  },
  "candidate_return": 400.1507815895759,
  "episode_length": 1000
}
