{
  "trajectory_id": "final_ep029",
  "component_totals": {
    "approach_progress": 2.0759375102511877,
    "unsafe_early": 0.0,
    "proximity_bonus": 616.5954280676424,
    "near_stability": 1014.3295617716994,
    "leg_bonus": 0.0,
    "landing_bonus": 0.0,
    "crash_penalty": 0.0,
    "low_progress_timeout": 0.0
  },
  "candidate_return": 1633.0009273495923,
  "episode_length": 1000
}
