{
  "trajectory_id": "final_ep025",
  "component_totals": {
    "approach_progress": 1.866042909500946,
    "unsafe_early": 0.0,
    "proximity_bonus": 185.75000965678495,
    "near_stability": 912.2100864440163,
    "leg_bonus": 0.0,
    "landing_bonus": 0.0,
    "crash_penalty": 0.0,
    "low_progress_timeout": 0.0
  },
  "candidate_return": 1099.8261390103032,
  "episode_length": 1000
}
