{
  "trajectory_id": "final_ep041",
  "component_totals": {
    "approach_progress": 2.1513444057593083,
    "unsafe_early": 0.0,
    "proximity_bonus": 303.46789313261917,
    "near_stability": 931.6136512952651,
    "leg_bonus": 0.0,
    "landing_bonus": 0.0,
    "crash_penalty": 0.0,
    "low_progress_timeout": 0.0
  },
  "candidate_return": 1237.2328888336435,
  "episode_length": 1000
}
