{
  "trajectory_id": "final_ep034",
  "component_totals": {
    "approach_progress": 2.1521983335642916,
    "unsafe_early": 0.0,
    "proximity_bonus": 193.74944541050382,
    "near_stability": 667.5891059180176,
    "leg_bonus": 0.0,
    "landing_bonus": 0.0,
    "crash_penalty": 0.0,
    "low_progress_timeout": 0.0
  },
  "candidate_return": 863.4907496620855,
  "episode_length": 1000
}
