{
  "trajectory_id": "final_ep018",
  "component_totals": {
    "approach_progress": 1.8516772252396765,
    "unsafe_early": -18.5,
    "proximity_bonus": 140.81884175398307,
    "near_stability": 665.5592731433862,
    "leg_bonus": 156.0,
    "landing_bonus": 0.0,
    "crash_penalty": 0.0,
    "low_progress_timeout": 0.0
  },
  "candidate_return": 945.729792122609,
  "episode_length": 937
}
