{
  "trajectory_id": "final_ep005",
  "component_totals": {
    "approach_progress": 2.3210152206705974,
    "unsafe_early": 0.0,
    "proximity_bonus": 548.9815029745913,
    "near_stability": 1027.0425738686026,
    "leg_bonus": 0.0,
    "landing_bonus": 0.0,
    "crash_penalty": 0.0,
    "low_progress_timeout": 0.0
  },
  "candidate_return": 1578.3450920638652,
  "episode_length": 1000
}
