{
  "trajectory_id": "final_ep014",
  "component_totals": {
    "approach_progress": 2.108123175499471,
    "unsafe_early": 0.0,
    "proximity_bonus": 563.1550768161308,
    "near_stability": 1045.9630790228011,
    "leg_bonus": 0.0,
    "landing_bonus": 0.0,
    "crash_penalty": 0.0,
    "low_progress_timeout": 0.0
  },
  "candidate_return": 1611.2262790144305,
  "episode_length": 1000
}
