{
  "trajectory_id": "final_ep042",
  "component_totals": {
    "approach_progress": 1.9705072251512867,
    "unsafe_early": -24.0,
    "proximity_bonus": 94.08978219001071,
    "near_stability": 512.9176377347894,
    "leg_bonus": 0.0,
    "landing_bonus": 0.0,
    "crash_penalty": 0.0,
    "low_progress_timeout": 0.0
  },
  "candidate_return": 584.9779271499523,
  "episode_length": 1000
}
