{
  "trajectory_id": "final_ep022",
  "component_totals": {
    "approach_progress": 2.173867875282612,
    "unsafe_early": 0.0,
    "proximity_bonus": 175.4642494802367,
    "near_stability": 897.3740691206708,
    "leg_bonus": 0.0,
    "landing_bonus": 0.0,
    "crash_penalty": 0.0,
    "low_progress_timeout": 0.0
  },
  "candidate_return": 1075.012186476189,
  "episode_length": 1000
}
