{
  "trajectory_id": "final_ep004",
  "component_totals": {
    "approach_progress": 2.216339905696768,
    "unsafe_early": 0.0,
    "proximity_bonus": 168.5702920446343,
    "near_stability": 587.8154585705724,
    "leg_bonus": 21.0,
    "landing_bonus": 0.0,
    "crash_penalty": 0.0,
    "low_progress_timeout": 0.0
  },
  "candidate_return": 779.6020905209034,
  "episode_length": 723
}
