{
  "trajectory_id": "final_ep047",
  "component_totals": {
    "approach_progress": 2.0796471106848706,
    "unsafe_early": 0.0,
    "proximity_bonus": 233.8462883355755,
    "near_stability": 829.3657298163471,
    "leg_bonus": 0.0,
    "landing_bonus": 0.0,
    "crash_penalty": 0.0,
    "low_progress_timeout": 0.0
  },
  "candidate_return": 1065.2916652626102,
  "episode_length": 1000
}
