{
  "trajectory_id": "final_ep016",
  "component_totals": {
    "approach_progress": 2.1206767708869974,
    "unsafe_early": 0.0,
    "proximity_bonus": 436.1138417110882,
    "near_stability": 1012.7951391450465,
    "leg_bonus": 0.0,
    "landing_bonus": 0.0,
    "crash_penalty": 0.0,
    "low_progress_timeout": 0.0
  },
  "candidate_return": 1451.0296576270216,
  "episode_length": 1000
}
