{
  "trajectory_id": "final_ep027",
  "component_totals": {
    "approach_progress": 2.1647575021668444,
    "unsafe_early": 0.0,
    "proximity_bonus": 332.18885447122375,
    "near_stability": 944.9395585554612,
    "leg_bonus": 0.0,
    "landing_bonus": 0.0,
    "crash_penalty": 0.0,
    "low_progress_timeout": 0.0
  },
  "candidate_return": 1279.2931705288527,
  "episode_length": 1000
}
