{
  "trajectory_id": "final_ep034",
  "component_totals": {
    "far_approach": 2.6780827428784946,
    "far_regress_penalty": 0.01634679258261107,
    "far_quality_penalty": -49.5073806848377,
    "near_stability": 1.999386965101266,
    "proximity_bonus": 15.908268908606098,
    "leg_bonus": 3.0,
    "safe_landing_bonus": 0.0,
    "crash_penalty": -5.0,
    "low_progress_penalty": -10.0
  },
  "candidate_return": -40.90529527566922,
  "episode_length": 74
}
