{
  "trajectory_id": "final_ep031",
  "component_totals": {
    "far_approach": 2.930104675807927,
    "far_regress_penalty": 0.3961477955054349,
    "far_quality_penalty": -85.82355076866224,
    "near_stability": 0.0,
    "proximity_bonus": 5.367354318160093,
    "leg_bonus": 0.0,
    "safe_landing_bonus": 0.0,
    "crash_penalty": -5.0,
    "low_progress_penalty": -17.0
  },
  "candidate_return": -99.12994397918877,
  "episode_length": 89
}
