{
  "trajectory_id": "final_ep042",
  "component_totals": {
    "far_approach": 2.6984238854252265,
    "far_regress_penalty": 0.0028032796709631658,
    "far_quality_penalty": -62.15367649355903,
    "near_stability": 0.0,
    "proximity_bonus": 10.798731116388153,
    "leg_bonus": 3.0,
    "safe_landing_bonus": 0.0,
    "crash_penalty": -5.0,
    "low_progress_penalty": -9.0
  },
  "candidate_return": -59.65371821207472,
  "episode_length": 71
}
