{
  "trajectory_id": "final_ep020",
  "component_totals": {
    "far_approach": 2.63445066762174,
    "far_regress_penalty": 0.0,
    "far_quality_penalty": -41.41132125619333,
    "near_stability": 1.9995722623952927,
    "proximity_bonus": 16.923832721248793,
    "leg_bonus": 6.0,
    "safe_landing_bonus": 15.0,
    "crash_penalty": 0.0,
    "low_progress_penalty": -4.5
  },
  "candidate_return": -3.3534656049275178,
  "episode_length": 63
}
