{
  "trajectory_id": "final_ep015",
  "component_totals": {
    "far_approach": 2.643284577910376,
    "far_regress_penalty": 0.0,
    "far_quality_penalty": -60.92484639491886,
    "near_stability": 1.7006136130075902,
    "proximity_bonus": 10.077304232559237,
    "leg_bonus": 6.0,
    "safe_landing_bonus": 15.0,
    "crash_penalty": 0.0,
    "low_progress_penalty": 0.0
  },
  "candidate_return": -25.503643971441655,
  "episode_length": 52
}
