{
  "trajectory_id": "final_ep038",
  "component_totals": {
    "far_approach": 2.974118109542538,
    "far_regress_penalty": 0.358039912137893,
    "far_quality_penalty": -54.79476561082993,
    "near_stability": 0.0,
    "proximity_bonus": 14.582867786213104,
    "leg_bonus": 3.0,
    "safe_landing_bonus": 0.0,
    "crash_penalty": -5.0,
    "low_progress_penalty": -16.0
  },
  "candidate_return": -54.87973980293635,
  "episode_length": 87
}
