{
  "trajectory_id": "final_ep009",
  "component_totals": {
    "far_approach": 2.6598587792956074,
    "far_regress_penalty": 0.006414678095232329,
    "far_quality_penalty": -58.496702114120126,
    "near_stability": 1.9271167977713048,
    "proximity_bonus": 12.153217073276515,
    "leg_bonus": 6.0,
    "safe_landing_bonus": 15.0,
    "crash_penalty": 0.0,
    "low_progress_penalty": -9.5
  },
  "candidate_return": -30.250094785681455,
  "episode_length": 72
}
