{
  "trajectory_id": "final_ep043",
  "component_totals": {
    "far_approach": 2.910649489849022,
    "far_regress_penalty": 0.26216553365743356,
    "far_quality_penalty": -71.02698444388807,
    "near_stability": 0.37896621227264404,
    "proximity_bonus": 11.133948785397823,
    "leg_bonus": 3.0,
    "safe_landing_bonus": 0.0,
    "crash_penalty": 0.0,
    "low_progress_penalty": -15.0
  },
  "candidate_return": -68.34125442271113,
  "episode_length": 85
}
