{
  "trajectory_id": "final_ep024",
  "component_totals": {
    "far_approach": 2.639735675454148,
    "far_regress_penalty": 0.0,
    "far_quality_penalty": -48.94411012309138,
    "near_stability": 1.7303496293434364,
    "proximity_bonus": 13.985744891445835,
    "leg_bonus": 6.0,
    "safe_landing_bonus": 15.0,
    "crash_penalty": 0.0,
    "low_progress_penalty": -1.0
  },
  "candidate_return": -10.58827992684795,
  "episode_length": 57
}
