{
  "trajectory_id": "final_ep035",
  "component_totals": {
    "far_approach": 2.6885154325933907,
    "far_regress_penalty": 0.0,
    "far_quality_penalty": -51.2251507450128,
    "near_stability": 1.9070022035566883,
    "proximity_bonus": 14.0687739999368,
    "leg_bonus": 6.0,
    "safe_landing_bonus": 15.0,
    "crash_penalty": 0.0,
    "low_progress_penalty": -8.5
  },
  "candidate_return": -20.06085910892594,
  "episode_length": 70
}
