{
  "trajectory_id": "final_ep039",
  "component_totals": {
    "far_approach": 2.792030443422291,
    "far_regress_penalty": 0.10302797355023263,
    "far_quality_penalty": -47.259886559448205,
    "near_stability": 1.9997929708166282,
    "proximity_bonus": 16.14386180228735,
    "leg_bonus": 6.0,
    "safe_landing_bonus": 15.0,
    "crash_penalty": 0.0,
    "low_progress_penalty": -12.5
  },
  "candidate_return": -17.7211733693717,
  "episode_length": 79
}
