{
  "trajectory_id": "final_ep027",
  "component_totals": {
    "far_approach": 2.6533700912482487,
    "far_regress_penalty": 0.0,
    "far_quality_penalty": -42.99169433885254,
    "near_stability": 1.9997542791141676,
    "proximity_bonus": 16.156984539385537,
    "leg_bonus": 6.0,
    "safe_landing_bonus": 15.0,
    "crash_penalty": 0.0,
    "low_progress_penalty": 0.0
  },
  "candidate_return": -1.1815854291045866,
  "episode_length": 53
}
