{
  "trajectory_id": "final_ep044",
  "component_totals": {
    "far_approach": 2.6309932493214028,
    "far_regress_penalty": 0.0,
    "far_quality_penalty": -39.101752087425666,
    "near_stability": 1.9998978813944015,
    "proximity_bonus": 17.02628130927679,
    "leg_bonus": 6.0,
    "safe_landing_bonus": 15.0,
    "crash_penalty": 0.0,
    "low_progress_penalty": -4.5
  },
  "candidate_return": -0.9445796474330805,
  "episode_length": 63
}
