{
  "trajectory_id": "final_ep041",
  "component_totals": {
    "far_approach": 2.6612985531593853,
    "far_regress_penalty": 0.0,
    "far_quality_penalty": -49.59846094896784,
    "near_stability": 1.7670495383338682,
    "proximity_bonus": 14.005627333677591,
    "leg_bonus": 3.0,
    "safe_landing_bonus": 15.0,
    "crash_penalty": 0.0,
    "low_progress_penalty": -5.5
  },
  "candidate_return": -18.66448552379699,
  "episode_length": 64
}
