{
  "trajectory_id": "final_ep021",
  "component_totals": {
    "far_approach": 2.7171170685362687,
    "far_regress_penalty": 0.0008169546977820907,
    "far_quality_penalty": -79.11606783652678,
    "near_stability": 1.775564554588609,
    "proximity_bonus": 4.594506422373546,
    "leg_bonus": 6.0,
    "safe_landing_bonus": 15.0,
    "crash_penalty": 0.0,
    "low_progress_penalty": -9.0
  },
  "candidate_return": -58.02806283633062,
  "episode_length": 71
}
