{
  "trajectory_id": "final_ep006",
  "component_totals": {
    "far_approach": 2.8377815541994824,
    "far_regress_penalty": 0.17691435505701625,
    "far_quality_penalty": -46.310946630721446,
    "near_stability": 1.4511179476976395,
    "proximity_bonus": 16.46038183616506,
    "leg_bonus": 6.0,
    "safe_landing_bonus": 15.0,
    "crash_penalty": 0.0,
    "low_progress_penalty": -13.5
  },
  "candidate_return": -17.88475093760224,
  "episode_length": 82
}
