{
  "trajectory_id": "final_ep023",
  "component_totals": {
    "far_approach": 2.9801167658825234,
    "far_regress_penalty": 0.45679548329512376,
    "far_quality_penalty": -72.64446693193167,
    "near_stability": 0.0,
    "proximity_bonus": 9.177623898576943,
    "leg_bonus": 3.0,
    "safe_landing_bonus": 0.0,
    "crash_penalty": -5.0,
    "low_progress_penalty": -17.0
  },
  "candidate_return": -79.02993078417711,
  "episode_length": 89
}
