{
  "trajectory_id": "final_ep030",
  "component_totals": {
    "far_approach": 2.6938327064097347,
    "far_regress_penalty": 0.0,
    "far_quality_penalty": -66.11101658921689,
    "near_stability": 1.8594782901927829,
    "proximity_bonus": 8.540741868573175,
    "leg_bonus": 6.0,
    "safe_landing_bonus": 15.0,
    "crash_penalty": 0.0,
    "low_progress_penalty": 0.0
  },
  "candidate_return": -32.01696372404122,
  "episode_length": 54
}
