{
  "trajectory_id": "final_ep037",
  "component_totals": {
    "far_approach": 2.636301881636294,
    "far_regress_penalty": 0.0,
    "far_quality_penalty": -43.85490119957831,
    "near_stability": 1.9994387970738892,
    "proximity_bonus": 16.471360191617066,
    "leg_bonus": 6.0,
    "safe_landing_bonus": 15.0,
    "crash_penalty": 0.0,
    "low_progress_penalty": -5.5
  },
  "candidate_return": -7.24780032925106,
  "episode_length": 65
}
