{
  "trajectory_id": "final_ep018",
  "component_totals": {
    "far_approach": 3.0600378121748406,
    "far_regress_penalty": 0.5175980112075729,
    "far_quality_penalty": -60.06726167284614,
    "near_stability": 1.9248153563737134,
    "proximity_bonus": 14.10381384660538,
    "leg_bonus": 0.0,
    "safe_landing_bonus": 0.0,
    "crash_penalty": -5.0,
    "low_progress_penalty": -17.5
  },
  "candidate_return": -62.96099664648462,
  "episode_length": 91
}
