{
  "trajectory_id": "final_ep046",
  "component_totals": {
    "far_approach": 2.6649511356551536,
    "far_regress_penalty": 0.0,
    "far_quality_penalty": -39.89679193088318,
    "near_stability": 1.999850094097619,
    "proximity_bonus": 17.634573614059995,
    "leg_bonus": 3.0,
    "safe_landing_bonus": 0.0,
    "crash_penalty": -5.0,
    "low_progress_penalty": -5.0
  },
  "candidate_return": -24.597417087070415,
  "episode_length": 64
}
