{
  "trajectory_id": "final_ep004",
  "component_totals": {
    "far_approach": 2.6622442186378166,
    "far_regress_penalty": 0.028150577573042845,
    "far_quality_penalty": -53.28242043964565,
    "near_stability": 1.9993370632278555,
    "proximity_bonus": 14.653213079457252,
    "leg_bonus": 6.0,
    "safe_landing_bonus": 15.0,
    "crash_penalty": 0.0,
    "low_progress_penalty": -10.5
  },
  "candidate_return": -23.439475500749687,
  "episode_length": 75
}
