{
  "trajectory_id": "final_ep010",
  "component_totals": {
    "far_approach": 2.803280527988049,
    "far_regress_penalty": 0.1325049467846906,
    "far_quality_penalty": -92.11308053322136,
    "near_stability": 1.1268362551927567,
    "proximity_bonus": 3.2043711661987544,
    "leg_bonus": 3.0,
    "safe_landing_bonus": 15.0,
    "crash_penalty": 0.0,
    "low_progress_penalty": -13.5
  },
  "candidate_return": -80.34608763705712,
  "episode_length": 79
}
