{
  "trajectory_id": "final_ep000",
  "component_totals": {
    "far_approach": 2.6035706876514526,
    "far_regress_penalty": 0.0,
    "far_quality_penalty": -49.37406365957577,
    "near_stability": 1.6306843579454018,
    "proximity_bonus": 13.299947938223912,
    "leg_bonus": 3.0,
    "safe_landing_bonus": 15.0,
    "crash_penalty": 0.0,
    "low_progress_penalty": 0.0
  },
  "candidate_return": -13.839860675755016,
  "episode_length": 54
}
