{
  "trajectory_id": "final_ep045",
  "component_totals": {
    "far_approach": 2.6529936828480047,
    "far_regress_penalty": 0.0,
    "far_quality_penalty": -40.53473712410778,
    "near_stability": 1.3128476403653622,
    "proximity_bonus": 17.35883429166657,
    "leg_bonus": 6.0,
    "safe_landing_bonus": 15.0,
    "crash_penalty": 0.0,
    "low_progress_penalty": -5.0
  },
  "candidate_return": -3.2100615092278346,
  "episode_length": 64
}
