{
  "trajectory_id": "final_ep005",
  "component_totals": {
    "far_approach": 2.741936829189201,
    "far_regress_penalty": 0.12827577458675576,
    "far_quality_penalty": -74.35660936217755,
    "near_stability": 1.8135236676170479,
    "proximity_bonus": 8.304046856350034,
    "leg_bonus": 6.0,
    "safe_landing_bonus": 15.0,
    "crash_penalty": 0.0,
    "low_progress_penalty": -13.0
  },
  "candidate_return": -53.36882623443451,
  "episode_length": 80
}
