{
  "trajectory_id": "final_ep047",
  "component_totals": {
    "far_approach": 2.6418285577605456,
    "far_regress_penalty": 0.0,
    "far_quality_penalty": -42.24680166481994,
    "near_stability": 1.9996693152659346,
    "proximity_bonus": 15.590450975134221,
    "leg_bonus": 3.0,
    "safe_landing_bonus": 15.0,
    "crash_penalty": 0.0,
    "low_progress_penalty": -1.5
  },
  "candidate_return": -5.514852816659225,
  "episode_length": 57
}
