{
  "trajectory_id": "final_ep019",
  "component_totals": {
    "far_approach": 2.7412160855953083,
    "far_regress_penalty": 0.012485111455078357,
    "far_quality_penalty": -107.15316171944141,
    "near_stability": 0.0,
    "proximity_bonus": 0.1640226822526194,
    "leg_bonus": 0.0,
    "safe_landing_bonus": 0.0,
    "crash_penalty": -5.0,
    "low_progress_penalty": -10.5
  },
  "candidate_return": -119.73543784013842,
  "episode_length": 69
}
