{
  "trajectory_id": "final_ep014",
  "component_totals": {
    "far_approach": 2.6542136599892423,
    "far_regress_penalty": 0.0,
    "far_quality_penalty": -54.64922175521497,
    "near_stability": 1.6406642040237784,
    "proximity_bonus": 12.466578428041757,
    "leg_bonus": 6.0,
    "safe_landing_bonus": 15.0,
    "crash_penalty": 0.0,
    "low_progress_penalty": -3.5
  },
  "candidate_return": -20.3877654631602,
  "episode_length": 61
}
