{
  "trajectory_id": "final_ep008",
  "component_totals": {
    "far_approach": 2.6369090463207208,
    "far_regress_penalty": 0.0,
    "far_quality_penalty": -66.646506690362,
    "near_stability": 0.9559791013598442,
    "proximity_bonus": 6.810718355873529,
    "leg_bonus": 3.0,
    "safe_landing_bonus": 15.0,
    "crash_penalty": 0.0,
    "low_progress_penalty": -5.0
  },
  "candidate_return": -43.2429001868079,
  "episode_length": 62
}
