{
  "trajectory_id": "final_ep022",
  "component_totals": {
    "far_approach": 2.6541965429458627,
    "far_regress_penalty": 0.0,
    "far_quality_penalty": -44.13819942204282,
    "near_stability": 1.9283215999479637,
    "proximity_bonus": 15.567908872458872,
    "leg_bonus": 6.0,
    "safe_landing_bonus": 15.0,
    "crash_penalty": 0.0,
    "low_progress_penalty": -0.5
  },
  "candidate_return": -3.4877724066901123,
  "episode_length": 56
}
