{
  "trajectory_id": "final_ep027",
  "component_totals": {
    "early_approach": 4.090177761630908,
    "early_speed_penalty": -19.860886935144663,
    "late_stability": -31.909177847701358,
    "leg_bonus": 0.0,
    "terminal_penalty": -15.0,
    "terminal_bonus": 0.0,
    "flight_stability": -8.791727107745828
  },
  "candidate_return": -71.47161412896094,
  "episode_length": 71
}
