{
  "trajectory_id": "final_ep022",
  "component_totals": {
    "early_approach": 4.324920904940987,
    "early_speed_penalty": -20.106604158412665,
    "late_stability": -13.501743833267511,
    "leg_bonus": 0.0,
    "terminal_penalty": -15.0,
    "terminal_bonus": 0.0,
    "flight_stability": -3.2005952486190523
  },
  "candidate_return": -47.48402233535824,
  "episode_length": 74
}
