{
  "trajectory_id": "final_ep043",
  "component_totals": {
    "early_approach": 4.351925285558292,
    "early_speed_penalty": -20.12571556866169,
    "late_stability": -24.244686970341718,
    "leg_bonus": 0.0,
    "terminal_penalty": -15.0,
    "terminal_bonus": 0.0,
    "flight_stability": -8.897245848060265
  },
  "candidate_return": -63.91572310150538,
  "episode_length": 64
}
