{
  "trajectory_id": "final_ep035",
  "component_totals": {
    "early_approach": 4.5111440784736425,
    "early_speed_penalty": -20.06749803945422,
    "late_stability": -2.7872817302456667,
    "leg_bonus": 20.0,
    "terminal_penalty": 0.0,
    "terminal_bonus": 19.99266343433097,
    "flight_stability": -2.84227407389146
  },
  "candidate_return": 18.806753669213265,
  "episode_length": 67
}
