{
  "trajectory_id": "final_ep023",
  "component_totals": {
    "early_approach": 4.198616771347161,
    "early_speed_penalty": -20.913613556011114,
    "late_stability": -16.531650922406698,
    "leg_bonus": 0.0,
    "terminal_penalty": 0.0,
    "terminal_bonus": 0.0,
    "flight_stability": -3.207586763543077
  },
  "candidate_return": -36.45423447061373,
  "episode_length": 81
}
