{
  "trajectory_id": "final_ep019",
  "component_totals": {
    "early_approach": 4.763967071347089,
    "early_speed_penalty": -22.421836926834658,
    "late_stability": -1.9095683529383223,
    "leg_bonus": 20.0,
    "terminal_penalty": 0.0,
    "terminal_bonus": 19.92440355407973,
    "flight_stability": -3.500461440141521
  },
  "candidate_return": 16.85650390551232,
  "episode_length": 85
}
