{
  "trajectory_id": "final_ep040",
  "component_totals": {
    "early_approach": 4.363637515182684,
    "early_speed_penalty": -20.006566546857357,
    "late_stability": -22.564338245741965,
    "leg_bonus": 0.0,
    "terminal_penalty": 0.0,
    "terminal_bonus": 0.0,
    "flight_stability": -7.54508139086829
  },
  "candidate_return": -45.752348668284924,
  "episode_length": 62
}
