{
  "trajectory_id": "final_ep009",
  "component_totals": {
    "early_approach": 3.7612109463776537,
    "early_speed_penalty": -21.605571068357676,
    "late_stability": -30.939619575001416,
    "leg_bonus": 0.0,
    "terminal_penalty": 0.0,
    "terminal_bonus": 0.0,
    "flight_stability": -6.274028594198171
  },
  "candidate_return": -55.058008291179604,
  "episode_length": 85
}
