{
  "trajectory_id": "final_ep020",
  "component_totals": {
    "early_approach": 4.275592211812926,
    "early_speed_penalty": -19.894878715276718,
    "late_stability": -25.477416161447763,
    "leg_bonus": 0.0,
    "terminal_penalty": -15.0,
    "terminal_bonus": 0.0,
    "flight_stability": -9.684132789770956
  },
  "candidate_return": -65.78083545468252,
  "episode_length": 63
}
