{
  "trajectory_id": "final_ep007",
  "component_totals": {
    "early_approach": 4.122546701541628,
    "early_speed_penalty": -19.384481102228165,
    "late_stability": -26.832412133109756,
    "leg_bonus": 0.0,
    "terminal_penalty": -15.0,
    "terminal_bonus": 0.0,
    "flight_stability": -8.507041954333545
  },
  "candidate_return": -65.60138848812984,
  "episode_length": 59
}
