{
  "trajectory_id": "final_ep017",
  "component_totals": {
    "early_approach": 4.4615008415044395,
    "early_speed_penalty": -22.986765976413153,
    "late_stability": -14.563603610487192,
    "leg_bonus": 0.0,
    "terminal_penalty": 0.0,
    "terminal_bonus": 0.0,
    "flight_stability": -4.6293569967325325
  },
  "candidate_return": -37.71822574212843,
  "episode_length": 88
}
