{
  "trajectory_id": "final_ep002",
  "component_totals": {
    "early_approach": 4.517101273962451,
    "early_speed_penalty": -20.27553362213075,
    "late_stability": -3.778805919716035,
    "leg_bonus": 20.0,
    "terminal_penalty": 0.0,
    "terminal_bonus": 19.984225560910396,
    "flight_stability": -2.780772686760656
  },
  "candidate_return": 17.666214606265406,
  "episode_length": 74
}
