{
  "trajectory_id": "final_ep021",
  "component_totals": {
    "early_approach": 4.555782330342007,
    "early_speed_penalty": -21.879142220132053,
    "late_stability": -23.708153699233662,
    "leg_bonus": 0.0,
    "terminal_penalty": -15.0,
    "terminal_bonus": 0.0,
    "flight_stability": -9.936039721389534
  },
  "candidate_return": -65.96755331041324,
  "episode_length": 81
}
