{
  "trajectory_id": "final_ep036",
  "component_totals": {
    "early_approach": 4.3190234673913706,
    "early_speed_penalty": -19.77227520942688,
    "late_stability": -25.18192369863391,
    "leg_bonus": 0.0,
    "terminal_penalty": -15.0,
    "terminal_bonus": 0.0,
    "flight_stability": -8.272144568443764
  },
  "candidate_return": -63.907320009113185,
  "episode_length": 55
}
