{
  "trajectory_id": "final_ep018",
  "component_totals": {
    "early_approach": 4.33934891054729,
    "early_speed_penalty": -19.921264117583632,
    "late_stability": -22.077075671648345,
    "leg_bonus": 0.0,
    "terminal_penalty": -15.0,
    "terminal_bonus": 0.0,
    "flight_stability": -8.751850517949606
  },
  "candidate_return": -61.41084139663429,
  "episode_length": 71
}
