{
  "trajectory_id": "final_ep034",
  "component_totals": {
    "early_approach": 4.696387254217523,
    "early_speed_penalty": -22.486496364988852,
    "late_stability": -6.312822077181522,
    "leg_bonus": 10.0,
    "terminal_penalty": 0.0,
    "terminal_bonus": 19.992007683577604,
    "flight_stability": -3.450618018060524
  },
  "candidate_return": 2.438458477564229,
  "episode_length": 85
}
