{
  "trajectory_id": "final_ep029",
  "component_totals": {
    "early_approach": 3.9139451114950794,
    "early_speed_penalty": -19.434727624058723,
    "late_stability": -38.63218570523895,
    "leg_bonus": 0.0,
    "terminal_penalty": -15.0,
    "terminal_bonus": 0.0,
    "flight_stability": -10.459860745089827
  },
  "candidate_return": -79.61282896289242,
  "episode_length": 62
}
