{
  "trajectory_id": "final_ep039",
  "component_totals": {
    "early_approach": 4.002753371010237,
    "early_speed_penalty": -19.758267840370536,
    "late_stability": -24.44243700511288,
    "leg_bonus": 0.0,
    "terminal_penalty": -15.0,
    "terminal_bonus": 0.0,
    "flight_stability": -8.095078156329691
  },
  "candidate_return": -63.29302963080286,
  "episode_length": 64
}
