{
  "trajectory_id": "final_ep047",
  "component_totals": {
    "early_approach": 3.7002462024562712,
    "early_speed_penalty": -20.085772230522707,
    "late_stability": -32.530762564361794,
    "leg_bonus": 0.0,
    "terminal_penalty": -15.0,
    "terminal_bonus": 0.0,
    "flight_stability": -9.081804684072267
  },
  "candidate_return": -72.9980932765005,
  "episode_length": 72
}
