{
  "trajectory_id": "final_ep004",
  "component_totals": {
    "early_approach": 4.3278762867172,
    "early_speed_penalty": -19.46280950307846,
    "late_stability": -7.902527873328864,
    "leg_bonus": 10.0,
    "terminal_penalty": 0.0,
    "terminal_bonus": 19.991944072758592,
    "flight_stability": -1.9924405071965339
  },
  "candidate_return": 4.962042475871932,
  "episode_length": 56
}
