{
  "trajectory_id": "final_ep006",
  "component_totals": {
    "early_approach": 3.9390264971081974,
    "early_speed_penalty": -21.15491940220818,
    "late_stability": -35.33842674427433,
    "leg_bonus": 0.0,
    "terminal_penalty": -15.0,
    "terminal_bonus": 0.0,
    "flight_stability": -10.141551797276861
  },
  "candidate_return": -77.69587144665117,
  "episode_length": 83
}
