{
  "trajectory_id": "final_ep026",
  "component_totals": {
    "early_approach": 4.427824682658004,
    "early_speed_penalty": -22.370264596538618,
    "late_stability": -24.038778482936323,
    "leg_bonus": 0.0,
    "terminal_penalty": -15.0,
    "terminal_bonus": 0.0,
    "flight_stability": -9.627716431525187
  },
  "candidate_return": -66.60893482834211,
  "episode_length": 81
}
