{
  "trajectory_id": "final_ep024",
  "component_totals": {
    "early_approach": 4.705663515860792,
    "early_speed_penalty": -22.10342914890498,
    "late_stability": -3.0613256874629826,
    "leg_bonus": 20.0,
    "terminal_penalty": 0.0,
    "terminal_bonus": 19.979669306656568,
    "flight_stability": -3.1023631780999494
  },
  "candidate_return": 16.418214808049452,
  "episode_length": 84
}
