{
  "trajectory_id": "final_ep028",
  "component_totals": {
    "early_approach": 4.29003619086491,
    "early_speed_penalty": -22.482046782854013,
    "late_stability": -30.44795937463641,
    "leg_bonus": 0.0,
    "terminal_penalty": -15.0,
    "terminal_bonus": 0.0,
    "flight_stability": -10.445311199466232
  },
  "candidate_return": -74.08528116609176,
  "episode_length": 87
}
