{
  "trajectory_id": "final_ep032",
  "component_totals": {
    "early_approach": 4.266131705307595,
    "early_speed_penalty": -20.064630469307303,
    "late_stability": -24.3144122766098,
    "leg_bonus": 0.0,
    "terminal_penalty": -15.0,
    "terminal_bonus": 0.0,
    "flight_stability": -8.934694126597606
  },
  "candidate_return": -64.04760516720711,
  "episode_length": 67
}
