{
  "trajectory_id": "final_ep031",
  "component_totals": {
    "early_approach": 4.03438851153756,
    "early_speed_penalty": -19.348655447363853,
    "late_stability": -21.32947964698542,
    "leg_bonus": 0.0,
    "terminal_penalty": 0.0,
    "terminal_bonus": 0.0,
    "flight_stability": -3.7967714783444535
  },
  "candidate_return": -40.44051806115617,
  "episode_length": 57
}
