{
  "trajectory_id": "final_ep011",
  "component_totals": {
    "early_approach": 4.351242758974159,
    "early_speed_penalty": -19.556654138024896,
    "late_stability": -6.292137676641207,
    "leg_bonus": 20.0,
    "terminal_penalty": 0.0,
    "terminal_bonus": 19.987637549211055,
    "flight_stability": -2.625838795464187
  },
  "candidate_return": 15.864249698054927,
  "episode_length": 71
}
