{
  "trajectory_id": "final_ep013",
  "component_totals": {
    "early_approach": 4.372057737268429,
    "early_speed_penalty": -21.71703673992306,
    "late_stability": -13.483931398819891,
    "leg_bonus": 0.0,
    "terminal_penalty": -15.0,
    "terminal_bonus": 0.0,
    "flight_stability": -3.2208675286312314
  },
  "candidate_return": -49.04977793010576,
  "episode_length": 84
}
