{
  "trajectory_id": "final_ep015",
  "component_totals": {
    "early_approach": 4.430155602248827,
    "early_speed_penalty": -22.3061729404144,
    "late_stability": -27.790338226332096,
    "leg_bonus": 0.0,
    "terminal_penalty": -15.0,
    "terminal_bonus": 0.0,
    "flight_stability": -10.982514429197181
  },
  "candidate_return": -71.64886999369486,
  "episode_length": 86
}
