{
  "trajectory_id": "final_ep037",
  "component_totals": {
    "early_approach": 4.342603460018276,
    "early_speed_penalty": -19.652987271547318,
    "late_stability": -21.892695181239105,
    "leg_bonus": 10.0,
    "terminal_penalty": -15.0,
    "terminal_bonus": 0.0,
    "flight_stability": -8.262298980189371
  },
  "candidate_return": -50.46537797295752,
  "episode_length": 61
}
