{
  "trajectory_id": "final_ep016",
  "component_totals": {
    "early_approach": 4.0941654505326905,
    "early_speed_penalty": -19.394893154501915,
    "late_stability": -34.420821901236195,
    "leg_bonus": 0.0,
    "terminal_penalty": -15.0,
    "terminal_bonus": 0.0,
    "flight_stability": -8.223033178481273
  },
  "candidate_return": -72.9445827836867,
  "episode_length": 59
}
