{
  "trajectory_id": "final_ep025",
  "component_totals": {
    "early_approach": 4.376265402247351,
    "early_speed_penalty": -19.46969547867775,
    "late_stability": -3.0141044448359366,
    "leg_bonus": 20.0,
    "terminal_penalty": 0.0,
    "terminal_bonus": 19.987762136445053,
    "flight_stability": -2.1865331099547234
  },
  "candidate_return": 19.693694505224,
  "episode_length": 55
}
