{
  "trajectory_id": "final_ep005",
  "component_totals": {
    "early_approach": 4.155330812899537,
    "early_speed_penalty": -19.622006237506866,
    "late_stability": -30.360778608825058,
    "leg_bonus": 0.0,
    "terminal_penalty": -15.0,
    "terminal_bonus": 0.0,
    "flight_stability": -9.180101139150793
  },
  "candidate_return": -70.00755517258318,
  "episode_length": 52
}
