{
  "trajectory_id": "final_ep049",
  "component_totals": {
    "early_approach": 4.386607222321395,
    "early_speed_penalty": -19.50888715684414,
    "late_stability": -2.4500585937371113,
    "leg_bonus": 20.0,
    "terminal_penalty": 0.0,
    "terminal_bonus": 19.957775727565256,
    "flight_stability": -2.374552794552926
  },
  "candidate_return": 20.01088440475248,
  "episode_length": 64
}
