{
  "trajectory_id": "final_ep046",
  "component_totals": {
    "early_approach": 4.604374969161273,
    "early_speed_penalty": -21.20325475395657,
    "late_stability": -4.103862732065778,
    "leg_bonus": 20.0,
    "terminal_penalty": 0.0,
    "terminal_bonus": 19.983128299760647,
    "flight_stability": -3.0417706912796234
  },
  "candidate_return": 16.23861509161995,
  "episode_length": 80
}
