{
  "trajectory_id": "final_ep012",
  "component_totals": {
    "early_approach": 3.8268533496415484,
    "early_speed_penalty": -19.855257257819176,
    "late_stability": -40.34290543361567,
    "leg_bonus": 0.0,
    "terminal_penalty": -15.0,
    "terminal_bonus": 0.0,
    "flight_stability": -9.223425014642999
  },
  "candidate_return": -80.59473435643629,
  "episode_length": 67
}
