{
  "trajectory_id": "final_ep030",
  "component_totals": {
    "early_approach": 4.135717883614773,
    "early_speed_penalty": -21.843381243757904,
    "late_stability": -13.60121573625679,
    "leg_bonus": 0.0,
    "terminal_penalty": 0.0,
    "terminal_bonus": 0.0,
    "flight_stability": -3.0033386190481224
  },
  "candidate_return": -34.31221771544804,
  "episode_length": 81
}
