{
  "trajectory_id": "final_ep045",
  "component_totals": {
    "early_approach": 4.400813706982709,
    "early_speed_penalty": -22.509518490929622,
    "late_stability": -17.050415589515637,
    "leg_bonus": 0.0,
    "terminal_penalty": -15.0,
    "terminal_bonus": 0.0,
    "flight_stability": -5.346981190031158
  },
  "candidate_return": -55.506101563493715,
  "episode_length": 86
}
