{
  "trajectory_id": "final_ep001",
  "component_totals": {
    "early_approach": 4.39267120223328,
    "early_speed_penalty": -19.523274645209312,
    "late_stability": -1.1343059386088896,
    "leg_bonus": 20.0,
    "terminal_penalty": 0.0,
    "terminal_bonus": 19.9406584007545,
    "flight_stability": -2.061647916795806
  },
  "candidate_return": 21.614101102373773,
  "episode_length": 60
}
