{
  "trajectory_id": "final_ep003",
  "component_totals": {
    "early_approach": 3.8319936464471764,
    "early_speed_penalty": -24.654379217419773,
    "late_stability": -33.31251666386379,
    "leg_bonus": 0.0,
    "terminal_penalty": -15.0,
    "terminal_bonus": 0.0,
    "flight_stability": -12.382171330988058
  },
  "candidate_return": -81.51707356582445,
  "episode_length": 89
}
