{
  "trajectory_id": "final_ep000",
  "component_totals": {
    "early_approach": 4.216089133493631,
    "early_speed_penalty": -19.95500338077545,
    "late_stability": -33.50315981521271,
    "leg_bonus": 0.0,
    "terminal_penalty": -15.0,
    "terminal_bonus": 0.0,
    "flight_stability": -8.6364610598539
  },
  "candidate_return": -72.87853512234842,
  "episode_length": 54
}
