{
  "trajectory_id": "final_ep010",
  "component_totals": {
    "early_approach": 4.394044564315587,
    "early_speed_penalty": -22.70262463670224,
    "late_stability": -15.647216386420041,
    "leg_bonus": 0.0,
    "terminal_penalty": 0.0,
    "terminal_bonus": 0.0,
    "flight_stability": -4.9040834262686985
  },
  "candidate_return": -38.85987988507539,
  "episode_length": 87
}
