{
  "trajectory_id": "final_ep041",
  "component_totals": {
    "early_approach": 4.409291703152377,
    "early_speed_penalty": -19.772882413119078,
    "late_stability": -6.288494204890057,
    "leg_bonus": 20.0,
    "terminal_penalty": 0.0,
    "terminal_bonus": 19.9895771110751,
    "flight_stability": -2.522916731946083
  },
  "candidate_return": 15.814575464272256,
  "episode_length": 68
}
