{
  "trajectory_id": "final_ep048",
  "component_totals": {
    "early_approach": 4.528537395049156,
    "early_speed_penalty": -20.12961444631219,
    "late_stability": -1.4999718289863893,
    "leg_bonus": 20.0,
    "terminal_penalty": 0.0,
    "terminal_bonus": 19.99931905970666,
    "flight_stability": -2.6581145518963467
  },
  "candidate_return": 20.240155627560895,
  "episode_length": 68
}
