{
  "trajectory_id": "final_ep014",
  "component_totals": {
    "early_approach": 4.2530029306813955,
    "early_speed_penalty": -19.736915424466133,
    "late_stability": -15.235484582851313,
    "leg_bonus": 0.0,
    "terminal_penalty": 0.0,
    "terminal_bonus": 0.0,
    "flight_stability": -2.576888753777439
  },
  "candidate_return": -33.296285830413495,
  "episode_length": 59
}
