{
  "trajectory_id": "final_ep044",
  "component_totals": {
    "early_approach": 4.360236970738484,
    "early_speed_penalty": -19.889224335900508,
    "late_stability": -22.24725609718007,
    "leg_bonus": 10.0,
    "terminal_penalty": -15.0,
    "terminal_bonus": 0.0,
    "flight_stability": -9.345395743846893
  },
  "candidate_return": -52.12163920618899,
  "episode_length": 71
}
