{
  "trajectory_id": "final_ep038",
  "component_totals": {
    "early_approach": 4.07715388656844,
    "early_speed_penalty": -19.23287856578827,
    "late_stability": -34.72804066412209,
    "leg_bonus": 0.0,
    "terminal_penalty": -15.0,
    "terminal_bonus": 0.0,
    "flight_stability": -8.23969533554191
  },
  "candidate_return": -73.12346067888383,
  "episode_length": 53
}
