{
  "trajectory_id": "final_ep033",
  "component_totals": {
    "early_approach": 4.46873954915471,
    "early_speed_penalty": -20.46914750128053,
    "late_stability": -8.476610127227456,
    "leg_bonus": 10.0,
    "terminal_penalty": 0.0,
    "terminal_bonus": 19.535030876342805,
    "flight_stability": -3.3298649022191906
  },
  "candidate_return": 1.7281478947703341,
  "episode_length": 74
}
