{
  "trajectory_id": "final_ep008",
  "component_totals": {
    "early_approach": 4.428720629244879,
    "early_speed_penalty": -20.550335520412773,
    "late_stability": -19.775173403089866,
    "leg_bonus": 0.0,
    "terminal_penalty": -15.0,
    "terminal_bonus": 0.0,
    "flight_stability": -9.219503653759602
  },
  "candidate_return": -60.11629194801736,
  "episode_length": 76
}
