{
  "trajectory_id": "final_ep042",
  "component_totals": {
    "early_approach": 4.443933619001462,
    "early_speed_penalty": -19.8293104916811,
    "late_stability": -4.937251946795044,
    "leg_bonus": 20.0,
    "terminal_penalty": 0.0,
    "terminal_bonus": 19.99012906278884,
    "flight_stability": -1.6218782960154385
  },
  "candidate_return": 18.04562194729872,
  "episode_length": 55
}
