{
  "trajectory_id": "final_ep002",
  "component_totals": {
    "approach_progress": 5.5526463419886785,
    "leg_contact_bonus": 0.0,
    "near_stage_stability": 82.93569214443528,
    "safe_landing_bonus": 2.4016840497837335,
    "terminal_failure_penalty": 0.0,
    "timeout_penalty": 0.0
  },
  "candidate_return": 90.89002253620767,
  "episode_length": 875
}
