{
  "trajectory_id": "final_ep006",
  "component_totals": {
    "approach_progress": 5.451134502066716,
    "leg_contact_bonus": 0.0,
    "near_stage_stability": 62.939319361751124,
    "safe_landing_bonus": 9.83798579169001,
    "terminal_failure_penalty": 0.0,
    "timeout_penalty": -5.0
  },
  "candidate_return": 73.22843965550781,
  "episode_length": 1000
}
