{
  "trajectory_id": "final_ep019",
  "component_totals": {
    "approach_progress": 5.690686234744992,
    "leg_contact_bonus": 0.0,
    "near_stage_stability": 71.53886069140431,
    "safe_landing_bonus": 11.337735650511886,
    "terminal_failure_penalty": 0.0,
    "timeout_penalty": 0.0
  },
  "candidate_return": 88.56728257666119,
  "episode_length": 900
}
