{
  "trajectory_id": "final_ep038",
  "component_totals": {
    "approach_progress": 5.2651870042104445,
    "leg_contact_bonus": 0.0,
    "near_stage_stability": 9.854715687324909,
    "safe_landing_bonus": 8.89164065119919,
    "terminal_failure_penalty": 0.0,
    "timeout_penalty": 0.0
  },
  "candidate_return": 24.011543342734537,
  "episode_length": 778
}
