{
  "trajectory_id": "final_ep046",
  "component_totals": {
    "approach_progress": 5.696506657335477,
    "leg_contact_bonus": 11.0,
    "near_stage_stability": 2.8642341139726835,
    "safe_landing_bonus": 5.895602218637389,
    "terminal_failure_penalty": -5.0,
    "timeout_penalty": 0.0
  },
  "candidate_return": 20.45634298994555,
  "episode_length": 241
}
