{
  "trajectory_id": "final_ep003",
  "component_totals": {
    "approach_progress": 5.550914301386574,
    "leg_contact_bonus": 64.5,
    "near_stage_stability": 144.87084246114748,
    "safe_landing_bonus": 11.640940179837484,
    "terminal_failure_penalty": -5.0,
    "timeout_penalty": 0.0
  },
  "candidate_return": 221.56269694237142,
  "episode_length": 806
}
