{
  "trajectory_id": "final_ep027",
  "component_totals": {
    "approach_progress": 0.9991584847479706,
    "stability_near": -76.54728705055015,
    "terminal_reward": -5.0,
    "low_progress_timeout": 0.0
  },
  "candidate_return": -75.55233614206233,
  "episode_length": 102
}
