{
  "trajectory_id": "final_ep019",
  "component_totals": {
    "approach_progress": 0.9930177479161318,
    "stability_near": -55.472021013498306,
    "terminal_reward": -5.0,
    "low_progress_timeout": 0.0
  },
  "candidate_return": -54.513914526001514,
  "episode_length": 85
}
