{
  "trajectory_id": "final_ep032",
  "component_totals": {
    "approach_progress": 1.0059065676684416,
    "stability_near": -48.580797642469406,
    "terminal_reward": -5.0,
    "low_progress_timeout": 0.0
  },
  "candidate_return": -47.54535823645875,
  "episode_length": 71
}
