{
  "trajectory_id": "final_ep040",
  "component_totals": {
    "approach_progress": 1.0385514748636098,
    "far_penalty": -30.447095146257194,
    "near_stability": -28.249527350533754,
    "terminal_penalty": 0.0,
    "terminal_bonus": 15.0,
    "low_progress_timeout": 0.0
  },
  "candidate_return": -53.66718027260339,
  "episode_length": 57
}
