{
  "trajectory_id": "final_ep009",
  "component_totals": {
    "approach_progress": 1.0436870755165235,
    "far_penalty": -34.791087305024845,
    "near_stability": -35.1894466415979,
    "terminal_penalty": -10.0,
    "terminal_bonus": 0.0,
    "low_progress_timeout": 0.0
  },
  "candidate_return": -93.4005089653556,
  "episode_length": 66
}
