{
  "trajectory_id": "final_ep031",
  "component_totals": {
    "approach_progress": 1.0388840126376522,
    "far_penalty": -34.12037072372623,
    "near_stability": -29.18131992372615,
    "terminal_penalty": 0.0,
    "terminal_bonus": 15.0,
    "low_progress_timeout": 0.0
  },
  "candidate_return": -58.73681455876484,
  "episode_length": 85
}
