{
  "trajectory_id": "final_ep042",
  "component_totals": {
    "approach_progress": 1.0548424136517869,
    "far_penalty": -35.34574423413723,
    "near_stability": -35.756647592410445,
    "terminal_penalty": -10.0,
    "terminal_bonus": 0.0,
    "low_progress_timeout": 0.0
  },
  "candidate_return": -94.76134596814576,
  "episode_length": 61
}
