{
  "trajectory_id": "final_ep025",
  "component_totals": {
    "approach_progress": 1.0510837861717555,
    "far_penalty": -34.20811152384885,
    "near_stability": -24.836614940315485,
    "terminal_penalty": 0.0,
    "terminal_bonus": 15.0,
    "low_progress_timeout": 0.0
  },
  "candidate_return": -52.25869878963506,
  "episode_length": 65
}
