{
  "trajectory_id": "final_ep049",
  "component_totals": {
    "approach_progress": 1.0578142931197996,
    "far_penalty": -28.1067522002013,
    "near_stability": -27.02728860382922,
    "terminal_penalty": 0.0,
    "terminal_bonus": 15.0,
    "low_progress_timeout": 0.0
  },
  "candidate_return": -49.41642793346594,
  "episode_length": 91
}
