{
  "trajectory_id": "final_ep012",
  "component_totals": {
    "approach_progress": 1.0439837200791207,
    "far_penalty": -41.19957721955144,
    "near_stability": -34.67016505612992,
    "terminal_penalty": -10.0,
    "terminal_bonus": 0.0,
    "low_progress_timeout": 0.0
  },
  "candidate_return": -99.02888992342983,
  "episode_length": 89
}
