{
  "trajectory_id": "final_ep011",
  "component_totals": {
    "approach_progress": 1.065052721448657,
    "far_penalty": -34.59605253205955,
    "near_stability": -33.03041699388996,
    "terminal_penalty": -10.0,
    "terminal_bonus": 0.0,
    "low_progress_timeout": 0.0
  },
  "candidate_return": -89.88146713709986,
  "episode_length": 84
}
