{
  "trajectory_id": "final_ep016",
  "component_totals": {
    "approach_progress": 1.0547606024935552,
    "far_penalty": -29.792077048055955,
    "near_stability": -27.707952594408578,
    "terminal_penalty": 0.0,
    "terminal_bonus": 15.0,
    "low_progress_timeout": 0.0
  },
  "candidate_return": -52.13496352969459,
  "episode_length": 81
}
