{
  "trajectory_id": "final_ep006",
  "component_totals": {
    "approach_progress": 1.0191097839257184,
    "far_penalty": -30.207485725625883,
    "near_stability": -33.59877548145596,
    "terminal_penalty": 0.0,
    "terminal_bonus": 15.0,
    "low_progress_timeout": 0.0
  },
  "candidate_return": -61.529209812106956,
  "episode_length": 52
}
