{
  "trajectory_id": "final_ep033",
  "component_totals": {
    "approach_progress": 1.031743689589961,
    "far_penalty": -28.6983728848485,
    "near_stability": -32.73931704243711,
    "terminal_penalty": -10.0,
    "terminal_bonus": 0.0,
    "low_progress_timeout": 0.0
  },
  "candidate_return": -83.68037369014431,
  "episode_length": 72
}
