{
  "trajectory_id": "final_ep034",
  "component_totals": {
    "approach_progress": 1.0511541172361976,
    "far_penalty": -37.26885671766577,
    "near_stability": -42.228214581497014,
    "terminal_penalty": -10.0,
    "terminal_bonus": 0.0,
    "low_progress_timeout": 0.0
  },
  "candidate_return": -106.40656212096648,
  "episode_length": 71
}
