{
  "trajectory_id": "final_ep007",
  "component_totals": {
    "approach_progress": 1.053833439752446,
    "far_penalty": -38.23378274673597,
    "near_stability": -29.80753825859574,
    "terminal_penalty": -10.0,
    "terminal_bonus": 0.0,
    "low_progress_timeout": 0.0
  },
  "candidate_return": -88.72975637561979,
  "episode_length": 81
}
