{
  "trajectory_id": "final_ep008",
  "component_totals": {
    "approach_progress": 1.0607998740256535,
    "far_penalty": -33.139788037442486,
    "near_stability": -32.96521764900535,
    "terminal_penalty": -10.0,
    "terminal_bonus": 0.0,
    "low_progress_timeout": 0.0
  },
  "candidate_return": -88.34441501484791,
  "episode_length": 78
}
