{
  "trajectory_id": "final_ep028",
  "component_totals": {
    "approach_progress": 1.0396493811637377,
    "far_penalty": -34.340342735199364,
    "near_stability": -33.26324680959806,
    "terminal_penalty": -10.0,
    "terminal_bonus": 0.0,
    "low_progress_timeout": 0.0
  },
  "candidate_return": -90.07661542494151,
  "episode_length": 79
}
