{
  "trajectory_id": "final_ep048",
  "component_totals": {
    "approach_progress": 1.053313439829252,
    "far_penalty": -33.116593187209226,
    "near_stability": -26.474203160947237,
    "terminal_penalty": 0.0,
    "terminal_bonus": 15.0,
    "low_progress_timeout": 0.0
  },
  "candidate_return": -53.61464416931306,
  "episode_length": 70
}
