{
  "trajectory_id": "final_ep015",
  "component_totals": {
    "approach_progress": 1.024360691657042,
    "far_penalty": -33.37156817046925,
    "near_stability": -39.1436493282672,
    "terminal_penalty": -10.0,
    "terminal_bonus": 0.0,
    "low_progress_timeout": 0.0
  },
  "candidate_return": -97.98959939624189,
  "episode_length": 58
}
