{
  "trajectory_id": "final_ep003",
  "component_totals": {
    "approach_progress": 1.0476850557299224,
    "far_penalty": -48.023149365852085,
    "near_stability": -4.83832929097116,
    "terminal_penalty": 0.0,
    "terminal_bonus": 15.0,
    "low_progress_timeout": 0.0
  },
  "candidate_return": -36.08990307938914,
  "episode_length": 60
}
