{
  "trajectory_id": "final_ep047",
  "component_totals": {
    "approach_progress": 1.026439152437437,
    "far_penalty": -27.582943321153287,
    "near_stability": -27.875534395981884,
    "terminal_penalty": 0.0,
    "terminal_bonus": 15.0,
    "low_progress_timeout": 0.0
  },
  "candidate_return": -50.29048830537636,
  "episode_length": 65
}
