{
  "trajectory_id": "final_ep026",
  "component_totals": {
    "approach_progress": 1.0334219558388518,
    "far_penalty": -27.519923721189844,
    "near_stability": -26.885032007110397,
    "terminal_penalty": 0.0,
    "terminal_bonus": 15.0,
    "low_progress_timeout": 0.0
  },
  "candidate_return": -48.71378390850002,
  "episode_length": 72
}
