{
  "trajectory_id": "final_ep035",
  "component_totals": {
    "approach_progress": 1.045913295666674,
    "far_penalty": -33.79352423866222,
    "near_stability": -30.219906331242086,
    "terminal_penalty": 0.0,
    "terminal_bonus": 15.0,
    "low_progress_timeout": 0.0
  },
  "candidate_return": -59.93973055285864,
  "episode_length": 86
}
