{
  "trajectory_id": "final_ep041",
  "component_totals": {
    "approach_progress": 1.0460231614902906,
    "far_penalty": -26.960536256741946,
    "near_stability": -25.749384745173607,
    "terminal_penalty": 0.0,
    "terminal_bonus": 15.0,
    "low_progress_timeout": 0.0
  },
  "candidate_return": -46.400520728541196,
  "episode_length": 82
}
