{
  "trajectory_id": "final_ep030",
  "component_totals": {
    "approach_progress": 1.0358311348832425,
    "far_penalty": -25.039564000096284,
    "near_stability": -26.090542768231053,
    "terminal_penalty": 0.0,
    "terminal_bonus": 15.0,
    "low_progress_timeout": 0.0
  },
  "candidate_return": -45.032053612909905,
  "episode_length": 62
}
