{
  "trajectory_id": "final_ep017",
  "component_totals": {
    "approach_progress": 1.026422185644977,
    "far_penalty": -29.64070591648924,
    "near_stability": -29.39389156030414,
    "terminal_penalty": 0.0,
    "terminal_bonus": 15.0,
    "low_progress_timeout": 0.0
  },
  "candidate_return": -54.625854514365535,
  "episode_length": 63
}
