{
  "trajectory_id": "final_ep039",
  "component_totals": {
    "approach_progress": 1.0286290000558915,
    "far_penalty": -26.637516586133277,
    "near_stability": -34.9905950143922,
    "terminal_penalty": -10.0,
    "terminal_bonus": 0.0,
    "low_progress_timeout": 0.0
  },
  "candidate_return": -85.00889310749801,
  "episode_length": 74
}
