{
  "trajectory_id": "final_ep020",
  "component_totals": {
    "approach_progress": 1.0206706961463983,
    "far_penalty": -29.473331031750423,
    "near_stability": -32.227974596354514,
    "terminal_penalty": 0.0,
    "terminal_bonus": 15.0,
    "low_progress_timeout": 0.0
  },
  "candidate_return": -58.7326101416966,
  "episode_length": 54
}
