{
  "trajectory_id": "final_ep018",
  "component_totals": {
    "approach_progress": 1.059016222525971,
    "far_penalty": -26.16152265891433,
    "near_stability": -26.27588535839817,
    "terminal_penalty": 0.0,
    "terminal_bonus": 15.0,
    "low_progress_timeout": 0.0
  },
  "candidate_return": -46.3392858064077,
  "episode_length": 68
}
