{
  "trajectory_id": "final_ep046",
  "component_totals": {
    "approach_progress": 1.056216016116663,
    "far_penalty": -27.501094759556874,
    "near_stability": -27.27975234920222,
    "terminal_penalty": 0.0,
    "terminal_bonus": 15.0,
    "low_progress_timeout": 0.0
  },
  "candidate_return": -49.195859218893546,
  "episode_length": 66
}
