{
  "trajectory_id": "final_ep005",
  "component_totals": {
    "approach_progress": 1.0363741960520896,
    "far_penalty": -38.657293746244974,
    "near_stability": -24.716589422575776,
    "terminal_penalty": 0.0,
    "terminal_bonus": 15.0,
    "low_progress_timeout": 0.0
  },
  "candidate_return": -56.586681095900275,
  "episode_length": 51
}
