{
  "trajectory_id": "final_ep013",
  "component_totals": {
    "approach_progress": 1.0327069771503607,
    "far_penalty": -28.512881329952503,
    "near_stability": -32.87329609667428,
    "terminal_penalty": -10.0,
    "terminal_bonus": 0.0,
    "low_progress_timeout": 0.0
  },
  "candidate_return": -83.69199756636249,
  "episode_length": 68
}
