{
  "trajectory_id": "final_ep010",
  "component_totals": {
    "approach_progress": 1.032106902317293,
    "far_penalty": -31.502750425745038,
    "near_stability": -32.738902371757064,
    "terminal_penalty": 0.0,
    "terminal_bonus": 15.0,
    "low_progress_timeout": 0.0
  },
  "candidate_return": -61.48267637411144,
  "episode_length": 59
}
