{
  "trajectory_id": "final_ep038",
  "component_totals": {
    "approach_progress": 1.037909896431277,
    "far_penalty": -45.59712029374203,
    "near_stability": -23.150653743185103,
    "terminal_penalty": -10.0,
    "terminal_bonus": 0.0,
    "low_progress_timeout": 0.0
  },
  "candidate_return": -86.1714613227946,
  "episode_length": 67
}
