{
  "trajectory_id": "final_ep019",
  "component_totals": {
    "approach_progress": 1.049027171915065,
    "far_penalty": -36.879213987725734,
    "near_stability": -24.149283295341252,
    "terminal_penalty": 0.0,
    "terminal_bonus": 15.0,
    "low_progress_timeout": 0.0
  },
  "candidate_return": -53.90703024307736,
  "episode_length": 77
}
