{
  "trajectory_id": "final_ep013",
  "component_totals": {
    "early_approach": 4.144441232896675,
    "pad_approach_stability": 5.220923312008381,
    "leg_bonus": 0.0,
    "terminal_bonus": 0.0,
    "terminal_penalty": -4.3400441482663155
  },
  "candidate_return": 11.780223285539606,
  "episode_length": 63
}
