{
  "trajectory_id": "final_ep012",
  "component_totals": {
    "early_approach": 4.22388297516628,
    "pad_approach_stability": 7.08792321162764,
    "leg_bonus": 0.0,
    "terminal_bonus": 0.0,
    "terminal_penalty": -4.484209418296814
  },
  "candidate_return": 14.595441349477206,
  "episode_length": 74
}
