{
  "trajectory_id": "final_ep008",
  "component_totals": {
    "early_approach": 4.252717266223354,
    "pad_approach_stability": 12.303544769529253,
    "leg_bonus": 0.0,
    "terminal_bonus": 0.0,
    "terminal_penalty": -4.641407318413258
  },
  "candidate_return": 22.31934436832733,
  "episode_length": 62
}
