{
  "trajectory_id": "final_ep049",
  "component_totals": {
    "early_approach": 4.224434292598428,
    "pad_approach_stability": 11.07320687174797,
    "leg_bonus": 0.0,
    "terminal_bonus": 0.0,
    "terminal_penalty": -4.315822795033455
  },
  "candidate_return": 20.742856097785356,
  "episode_length": 66
}
