{
  "trajectory_id": "final_ep016",
  "component_totals": {
    "approach_progress": -39.503583210330554,
    "proximity_bonus": 10.331299526020665,
    "near_stability": 1.406005053014745,
    "leg_bonus": 3.0,
    "crash_penalty": 0.0,
    "safe_landing_bonus": 15.0,
    "low_progress_timeout": 0.0
  },
  "candidate_return": -9.766278631295148,
  "episode_length": 88
}
