{
  "trajectory_id": "final_ep024",
  "component_totals": {
    "approach_progress": -54.55870233081381,
    "proximity_bonus": 8.362690417453642,
    "near_stability": 0.5827169639524072,
    "leg_bonus": 3.0,
    "crash_penalty": -10.0,
    "safe_landing_bonus": 0.0,
    "low_progress_timeout": 0.0
  },
  "candidate_return": -52.61329494940777,
  "episode_length": 53
}
