{
  "trajectory_id": "final_ep039",
  "component_totals": {
    "approach_progress": -70.05240114981976,
    "proximity_bonus": 3.1508348241873687,
    "near_stability": 1.3430605201345038,
    "leg_bonus": 6.0,
    "crash_penalty": 0.0,
    "safe_landing_bonus": 15.0,
    "low_progress_timeout": 0.0
  },
  "candidate_return": -44.55850580549789,
  "episode_length": 65
}
