{
  "trajectory_id": "final_ep044",
  "component_totals": {
    "approach_progress": -32.89900492290977,
    "proximity_bonus": 13.836915110156905,
    "near_stability": 1.3789724062606972,
    "leg_bonus": 6.0,
    "crash_penalty": 0.0,
    "safe_landing_bonus": 15.0,
    "low_progress_timeout": 0.0
  },
  "candidate_return": 3.3168825935078345,
  "episode_length": 58
}
