{
  "trajectory_id": "final_ep031",
  "component_totals": {
    "approach_progress": -32.20540566397884,
    "proximity_bonus": 14.507927759278733,
    "near_stability": 1.4928180419490715,
    "leg_bonus": 3.0,
    "crash_penalty": -10.0,
    "safe_landing_bonus": 0.0,
    "low_progress_timeout": 0.0
  },
  "candidate_return": -23.204659862751036,
  "episode_length": 55
}
