{
  "trajectory_id": "final_ep009",
  "component_totals": {
    "approach_progress": -29.39115170346491,
    "proximity_bonus": 13.52959216320489,
    "near_stability": 1.49951685849793,
    "leg_bonus": 6.0,
    "crash_penalty": 0.0,
    "safe_landing_bonus": 15.0,
    "low_progress_timeout": 0.0
  },
  "candidate_return": 6.637957318237913,
  "episode_length": 65
}
