{
  "trajectory_id": "final_ep020",
  "component_totals": {
    "approach_progress": -81.01802723310989,
    "proximity_bonus": 0.20855042746159813,
    "near_stability": 0.6680361572653055,
    "leg_bonus": 3.0,
    "crash_penalty": -10.0,
    "safe_landing_bonus": 0.0,
    "low_progress_timeout": 0.0
  },
  "candidate_return": -87.141440648383,
  "episode_length": 72
}
