{
  "trajectory_id": "final_ep041",
  "component_totals": {
    "approach_progress": -32.67062033894365,
    "proximity_bonus": 13.029985048440201,
    "near_stability": 1.497781410588999,
    "leg_bonus": 6.0,
    "crash_penalty": 0.0,
    "safe_landing_bonus": 15.0,
    "low_progress_timeout": 0.0
  },
  "candidate_return": 2.857146120085556,
  "episode_length": 60
}
