{
  "trajectory_id": "final_ep018",
  "component_totals": {
    "approach_progress": -73.32701259872039,
    "proximity_bonus": 2.2586499776647138,
    "near_stability": 1.329191690074503,
    "leg_bonus": 6.0,
    "crash_penalty": 0.0,
    "safe_landing_bonus": 15.0,
    "low_progress_timeout": 0.0
  },
  "candidate_return": -48.739170930981174,
  "episode_length": 63
}
