{
  "trajectory_id": "final_ep040",
  "component_totals": {
    "approach_progress": -45.24939429071514,
    "proximity_bonus": 8.118523139863074,
    "near_stability": 1.4030850023555104,
    "leg_bonus": 6.0,
    "crash_penalty": 0.0,
    "safe_landing_bonus": 15.0,
    "low_progress_timeout": 0.0
  },
  "candidate_return": -14.727786148496566,
  "episode_length": 79
}
