{
  "trajectory_id": "final_ep045",
  "component_totals": {
    "approach_progress": -68.43387032680356,
    "proximity_bonus": 4.540346343595909,
    "near_stability": 1.3606005928725944,
    "leg_bonus": 6.0,
    "crash_penalty": 0.0,
    "safe_landing_bonus": 15.0,
    "low_progress_timeout": 0.0
  },
  "candidate_return": -41.53292339033506,
  "episode_length": 52
}
