{
  "trajectory_id": "final_ep011",
  "component_totals": {
    "approach_progress": -43.06816023838139,
    "proximity_bonus": 9.304311101667475,
    "near_stability": 1.0948923574760556,
    "leg_bonus": 6.0,
    "crash_penalty": 0.0,
    "safe_landing_bonus": 15.0,
    "low_progress_timeout": 0.0
  },
  "candidate_return": -11.66895677923786,
  "episode_length": 76
}
