{
  "trajectory_id": "final_ep013",
  "component_totals": {
    "approach_progress": -77.92234429844034,
    "proximity_bonus": 0.7790296538536179,
    "near_stability": 1.2618777388706803,
    "leg_bonus": 6.0,
    "crash_penalty": 0.0,
    "safe_landing_bonus": 15.0,
    "low_progress_timeout": 0.0
  },
  "candidate_return": -54.88143690571602,
  "episode_length": 86
}
