{
  "trajectory_id": "final_ep048",
  "component_totals": {
    "approach_progress": -68.9904201612322,
    "proximity_bonus": 2.310163413642582,
    "near_stability": 1.3270147817255307,
    "leg_bonus": 6.0,
    "crash_penalty": 0.0,
    "safe_landing_bonus": 15.0,
    "low_progress_timeout": 0.0
  },
  "candidate_return": -44.35324196586407,
  "episode_length": 86
}
