{
  "trajectory_id": "final_ep000",
  "component_totals": {
    "approach_progress": -36.462481722709214,
    "proximity_bonus": 11.280847811329195,
    "near_stability": 1.4346025669820328,
    "leg_bonus": 6.0,
    "crash_penalty": 0.0,
    "safe_landing_bonus": 15.0,
    "low_progress_timeout": 0.0
  },
  "candidate_return": -2.7470313443979855,
  "episode_length": 76
}
