{
  "trajectory_id": "final_ep021",
  "component_totals": {
    "approach_progress": -45.91229618793087,
    "proximity_bonus": 10.113293516142033,
    "near_stability": 1.4945618579050235,
    "leg_bonus": 6.0,
    "crash_penalty": 0.0,
    "safe_landing_bonus": 15.0,
    "low_progress_timeout": 0.0
  },
  "candidate_return": -13.304440813883819,
  "episode_length": 58
}
