{
  "trajectory_id": "final_ep028",
  "component_totals": {
    "approach_progress": -31.57488255868025,
    "proximity_bonus": 13.731364796907176,
    "near_stability": 1.1266977712512016,
    "leg_bonus": 6.0,
    "crash_penalty": 0.0,
    "safe_landing_bonus": 15.0,
    "low_progress_timeout": 0.0
  },
  "candidate_return": 4.28318000947813,
  "episode_length": 60
}
