{
  "trajectory_id": "final_ep007",
  "component_totals": {
    "approach_progress": -71.8988795935248,
    "proximity_bonus": 1.5862916476350941,
    "near_stability": 0.07916437089443207,
    "leg_bonus": 0.0,
    "crash_penalty": -10.0,
    "safe_landing_bonus": 0.0,
    "low_progress_timeout": 0.0
  },
  "candidate_return": -80.23342357499529,
  "episode_length": 67
}
