{
  "trajectory_id": "final_ep019",
  "component_totals": {
    "approach_progress": -49.155382750968,
    "proximity_bonus": 9.777785569091009,
    "near_stability": 1.4033605543370222,
    "leg_bonus": 6.0,
    "crash_penalty": 0.0,
    "safe_landing_bonus": 15.0,
    "low_progress_timeout": 0.0
  },
  "candidate_return": -16.97423662753998,
  "episode_length": 58
}
