{
  "trajectory_id": "final_ep043",
  "component_totals": {
    "approach_progress": -38.80968981253756,
    "proximity_bonus": 10.941436352766383,
    "near_stability": 1.4354788075725082,
    "leg_bonus": 6.0,
    "crash_penalty": 0.0,
    "safe_landing_bonus": 15.0,
    "low_progress_timeout": 0.0
  },
  "candidate_return": -5.432774652198674,
  "episode_length": 78
}
