{
  "trajectory_id": "final_ep038",
  "component_totals": {
    "approach_progress": -62.12640579536338,
    "proximity_bonus": 3.850566299044087,
    "near_stability": 0.9804006273625419,
    "leg_bonus": 6.0,
    "crash_penalty": -10.0,
    "safe_landing_bonus": 0.0,
    "low_progress_timeout": 0.0
  },
  "candidate_return": -61.295438868956744,
  "episode_length": 71
}
