{
  "trajectory_id": "final_ep017",
  "component_totals": {
    "approach_progress": -75.1369433074097,
    "proximity_bonus": 1.8568638218614324,
    "near_stability": 0.7919794045155868,
    "leg_bonus": 6.0,
    "crash_penalty": -10.0,
    "safe_landing_bonus": 0.0,
    "low_progress_timeout": 0.0
  },
  "candidate_return": -76.4881000810327,
  "episode_length": 63
}
