{
  "trajectory_id": "final_ep010",
  "component_totals": {
    "approach_progress": -48.219490111118546,
    "proximity_bonus": 10.33425517979213,
    "near_stability": 1.1970412911130088,
    "leg_bonus": 3.0,
    "crash_penalty": 0.0,
    "safe_landing_bonus": 15.0,
    "low_progress_timeout": 0.0
  },
  "candidate_return": -18.688193640213406,
  "episode_length": 53
}
