{
  "trajectory_id": "final_ep025",
  "component_totals": {
    "approach_progress": -61.99533881281155,
    "proximity_bonus": 3.8852433151689043,
    "near_stability": 1.1022754849400371,
    "leg_bonus": 6.0,
    "crash_penalty": 0.0,
    "safe_landing_bonus": 15.0,
    "low_progress_timeout": 0.0
  },
  "candidate_return": -36.00782001270261,
  "episode_length": 67
}
