{
  "trajectory_id": "final_ep042",
  "component_totals": {
    "approach_progress": -45.75537599411823,
    "proximity_bonus": 8.964858224444615,
    "near_stability": 1.3388932612556346,
    "leg_bonus": 3.0,
    "crash_penalty": 0.0,
    "safe_landing_bonus": 15.0,
    "low_progress_timeout": 0.0
  },
  "candidate_return": -17.45162450841797,
  "episode_length": 90
}
