{
  "trajectory_id": "final_ep027",
  "component_totals": {
    "approach_progress": -36.854050317736736,
    "proximity_bonus": 11.87788123464016,
    "near_stability": 1.4995040083911304,
    "leg_bonus": 6.0,
    "crash_penalty": 0.0,
    "safe_landing_bonus": 15.0,
    "low_progress_timeout": 0.0
  },
  "candidate_return": -2.4766650747054335,
  "episode_length": 72
}
