{
  "trajectory_id": "final_ep014",
  "component_totals": {
    "approach_progress": -43.08122384552102,
    "proximity_bonus": 9.530519255094433,
    "near_stability": 0.7811080254614353,
    "leg_bonus": 6.0,
    "crash_penalty": -10.0,
    "safe_landing_bonus": 0.0,
    "low_progress_timeout": 0.0
  },
  "candidate_return": -36.769596564965155,
  "episode_length": 75
}
