{
  "trajectory_id": "final_ep025",
  "component_totals": {
    "early_approach": 4.464400271430673,
    "low_alt_stability_gated": 135.47296505142003,
    "leg_bonus": 0.0,
    "terminal_bonus": 0.0,
    "terminal_penalty": -2.8147968649864197
  },
  "candidate_return": 209.32345125500498,
  "episode_length": 255
}
