{
  "trajectory_id": "final_ep032",
  "component_totals": {
    "early_approach": 4.439665798295927,
    "low_alt_stability_gated": 695.2390967761457,
    "leg_bonus": 300.0,
    "terminal_bonus": 0.0,
    "terminal_penalty": 0.0
  },
  "candidate_return": 1351.7379767608104,
  "episode_length": 1000
}
