{
  "trajectory_id": "final_ep028",
  "component_totals": {
    "early_approach": 4.6338901682364355,
    "low_alt_stability_gated": 968.6000058441568,
    "leg_bonus": 730.0,
    "terminal_bonus": 0.0,
    "terminal_penalty": 0.0
  },
  "candidate_return": 2192.1677891027084,
  "episode_length": 1000
}
