{
  "trajectory_id": "final_ep035",
  "component_totals": {
    "early_approach": 4.467855625863263,
    "low_alt_stability_gated": 1074.1212378082469,
    "leg_bonus": 520.0,
    "terminal_bonus": 0.0,
    "terminal_penalty": 0.0
  },
  "candidate_return": 2140.117567964097,
  "episode_length": 1000
}
