{
  "trajectory_id": "final_ep034",
  "component_totals": {
    "early_approach": 4.484097192556703,
    "low_alt_stability_gated": 868.2877636465619,
    "leg_bonus": 1970.0,
    "terminal_bonus": 0.0,
    "terminal_penalty": 0.0
  },
  "candidate_return": 3281.399839854956,
  "episode_length": 1000
}
