{
  "trajectory_id": "final_ep024",
  "component_totals": {
    "early_approach": 4.393553375370391,
    "low_alt_stability_gated": 70.44360005273484,
    "leg_bonus": 0.0,
    "terminal_bonus": 0.0,
    "terminal_penalty": -1.3388434648513794
  },
  "candidate_return": 113.11366336499165,
  "episode_length": 338
}
