{
  "trajectory_id": "final_ep002",
  "component_totals": {
    "early_approach": 4.377453059421664,
    "low_alt_stability_gated": 376.24489702545543,
    "leg_bonus": 70.0,
    "terminal_bonus": 15.0,
    "terminal_penalty": 0.0
  },
  "candidate_return": 658.1222516570265,
  "episode_length": 399
}
