{
  "trajectory_id": "final_ep038",
  "component_totals": {
    "early_approach": 4.488262235798105,
    "low_alt_stability_gated": 510.6876273846831,
    "leg_bonus": 1100.0,
    "terminal_bonus": 15.0,
    "terminal_penalty": 0.0
  },
  "candidate_return": 1890.0079655486209,
  "episode_length": 593
}
