{
  "trajectory_id": "final_ep027",
  "component_totals": {
    "early_approach": 4.476653349058057,
    "low_alt_stability_gated": 292.98100620272453,
    "leg_bonus": 60.0,
    "terminal_bonus": 0.0,
    "terminal_penalty": -0.8852231241762638
  },
  "candidate_return": 507.5395928780266,
  "episode_length": 340
}
