{
  "trajectory_id": "final_ep036",
  "component_totals": {
    "early_approach": 4.071435834920628,
    "low_alt_stability_gated": 799.6482660817856,
    "leg_bonus": 470.0,
    "terminal_bonus": 0.0,
    "terminal_penalty": -0.944500744342804
  },
  "candidate_return": 1676.6707700481768,
  "episode_length": 833
}
