{
  "trajectory_id": "final_ep018",
  "component_totals": {
    "early_approach": 4.611885009881576,
    "low_alt_stability_gated": 662.6902224316946,
    "leg_bonus": 0.0,
    "terminal_bonus": 0.0,
    "terminal_penalty": -1.5906441062688828
  },
  "candidate_return": 1001.6684595610361,
  "episode_length": 646
}
