{
  "trajectory_id": "final_ep047",
  "component_totals": {
    "early_approach": 4.453343571607988,
    "low_alt_stability_gated": 66.99718102114275,
    "leg_bonus": 0.0,
    "terminal_bonus": 0.0,
    "terminal_penalty": -1.157004714012146
  },
  "candidate_return": 108.24545396091796,
  "episode_length": 275
}
