{
  "trajectory_id": "final_ep049",
  "component_totals": {
    "early_approach": 4.4883402382342705,
    "low_alt_stability_gated": 851.8421635154955,
    "leg_bonus": 620.0,
    "terminal_bonus": 0.0,
    "terminal_penalty": 0.0
  },
  "candidate_return": 1906.7399257497118,
  "episode_length": 1000
}
