{
  "trajectory_id": "final_ep016",
  "component_totals": {
    "early_approach": 4.466620297909656,
    "low_alt_stability_gated": 725.8900295397798,
    "leg_bonus": 300.0,
    "terminal_bonus": 0.0,
    "terminal_penalty": 0.0
  },
  "candidate_return": 1397.768284905489,
  "episode_length": 1000
}
