{
  "trajectory_id": "final_ep015",
  "component_totals": {
    "early_approach": 4.464919420066034,
    "low_alt_stability_gated": 184.6839495698223,
    "leg_bonus": 160.0,
    "terminal_bonus": 0.0,
    "terminal_penalty": -1.6491576433181763
  },
  "candidate_return": 444.3066055515473,
  "episode_length": 679
}
