{
  "trajectory_id": "final_ep021",
  "component_totals": {
    "early_approach": 4.500422765321895,
    "low_alt_stability_gated": 63.7415992571041,
    "leg_bonus": 0.0,
    "terminal_bonus": 0.0,
    "terminal_penalty": -0.6824584007263184
  },
  "candidate_return": 103.93078601557362,
  "episode_length": 260
}
