{
  "trajectory_id": "final_ep023",
  "component_totals": {
    "early_approach": 4.467224556332553,
    "low_alt_stability_gated": 123.43344500713283,
    "leg_bonus": 870.0,
    "terminal_bonus": 0.0,
    "terminal_penalty": -0.6815420389175415
  },
  "candidate_return": 1063.4030745844468,
  "episode_length": 292
}
