{
  "trajectory_id": "final_ep017",
  "component_totals": {
    "early_approach": 4.357154013590485,
    "low_alt_stability_gated": 1048.913616517937,
    "leg_bonus": 0.0,
    "terminal_bonus": 0.0,
    "terminal_penalty": -1.02238130569458
  },
  "candidate_return": 1581.062351498392,
  "episode_length": 985
}
