{
  "trajectory_id": "final_ep030",
  "component_totals": {
    "early_approach": 4.507207102323937,
    "low_alt_stability_gated": 443.53183888315107,
    "leg_bonus": 750.0,
    "terminal_bonus": 0.0,
    "terminal_penalty": -1.0337071418762207
  },
  "candidate_return": 1423.2784653874983,
  "episode_length": 600
}
