{
  "trajectory_id": "final_ep048",
  "component_totals": {
    "early_approach": 4.255377798472581,
    "low_alt_stability_gated": 1002.3497768383263,
    "leg_bonus": 0.0,
    "terminal_bonus": 0.0,
    "terminal_penalty": -1.6999126747250557
  },
  "candidate_return": 1510.3355081797094,
  "episode_length": 795
}
