{
  "trajectory_id": "final_ep045",
  "component_totals": {
    "early_approach": 4.512252190411632,
    "low_alt_stability_gated": 275.3373727576982,
    "leg_bonus": 0.0,
    "terminal_bonus": 0.0,
    "terminal_penalty": -1.6782822172972374
  },
  "candidate_return": 420.3522813000733,
  "episode_length": 321
}
