{
  "trajectory_id": "final_ep001",
  "component_totals": {
    "early_approach": 4.7427915361267745,
    "low_alt_stability_gated": 523.2840814685042,
    "leg_bonus": 30.0,
    "terminal_bonus": 0.0,
    "terminal_penalty": -0.8284452930092812
  },
  "candidate_return": 823.5832599820005,
  "episode_length": 508
}
