{
  "trajectory_id": "final_ep039",
  "component_totals": {
    "early_approach": 4.4932647973603865,
    "low_alt_stability_gated": 230.43696390092373,
    "leg_bonus": 170.0,
    "terminal_bonus": 0.0,
    "terminal_penalty": -0.30271482467651367
  },
  "candidate_return": 524.3392606214298,
  "episode_length": 733
}
