{
  "trajectory_id": "final_ep046",
  "component_totals": {
    "early_approach": 4.403183109347756,
    "low_alt_stability_gated": 1225.5064687168779,
    "leg_bonus": 0.0,
    "terminal_bonus": 0.0,
    "terminal_penalty": -2.5090335607528687
  },
  "candidate_return": 1844.5570357332595,
  "episode_length": 961
}
