{
  "trajectory_id": "final_ep000",
  "component_totals": {
    "early_approach": 4.431227633317857,
    "low_alt_stability_gated": 71.4862128351815,
    "leg_bonus": 0.0,
    "terminal_bonus": 0.0,
    "terminal_penalty": -1.0813448429107666
  },
  "candidate_return": 115.01042967649721,
  "episode_length": 235
}
