{
  "trajectory_id": "final_ep040",
  "component_totals": {
    "early_approach": 4.3132155625013855,
    "low_alt_stability_gated": 880.852976709255,
    "leg_bonus": 330.0,
    "terminal_bonus": 0.0,
    "terminal_penalty": -2.0
  },
  "candidate_return": 1657.9058961888854,
  "episode_length": 1000
}
