{
  "trajectory_id": "final_ep033",
  "component_totals": {
    "early_approach": 4.537237611506855,
    "low_alt_stability_gated": 1143.664053259461,
    "leg_bonus": 680.0,
    "terminal_bonus": 0.0,
    "terminal_penalty": 0.0
  },
  "candidate_return": 2404.5705551122055,
  "episode_length": 1000
}
