{
  "trajectory_id": "final_ep020",
  "component_totals": {
    "early_approach": 4.212201852522447,
    "low_alt_stability_gated": 694.2458316488774,
    "leg_bonus": 0.0,
    "terminal_bonus": 0.0,
    "terminal_penalty": -2.273867607116699
  },
  "candidate_return": 1047.5192835712442,
  "episode_length": 658
}
