{
  "trajectory_id": "final_ep019",
  "component_totals": {
    "early_approach": 4.39481842945541,
    "low_alt_stability_gated": 47.07935304939747,
    "leg_bonus": 0.0,
    "terminal_bonus": 0.0,
    "terminal_penalty": -0.9628476500511169
  },
  "candidate_return": 78.44581878295591,
  "episode_length": 559
}
