{
  "trajectory_id": "final_ep010",
  "component_totals": {
    "early_approach": 4.2617075811048695,
    "low_alt_stability_gated": 698.1276434987303,
    "leg_bonus": 0.0,
    "terminal_bonus": 0.0,
    "terminal_penalty": -0.6970843076705933
  },
  "candidate_return": 1055.0177961026347,
  "episode_length": 722
}
