{
  "trajectory_id": "final_ep024",
  "component_totals": {
    "early_approach": 4.29483751567963,
    "early_speed_penalty": -7.828004348278046,
    "late_stability": -6.499399625492515,
    "leg_bonus": 0.0,
    "terminal_penalty": 0.0,
    "terminal_bonus": 0.0,
    "flight_stability": -1.022527908135089
  },
  "candidate_return": -11.05509436622602,
  "episode_length": 62
}
