{
  "trajectory_id": "final_ep036",
  "component_totals": {
    "early_approach": 4.308767590742913,
    "early_speed_penalty": -8.354088797164149,
    "late_stability": -13.021563693066128,
    "leg_bonus": 0.0,
    "terminal_penalty": -5.0,
    "terminal_bonus": 0.0,
    "flight_stability": -3.3782958016963676
  },
  "candidate_return": -25.445180701183734,
  "episode_length": 79
}
