{
  "trajectory_id": "final_ep017",
  "component_totals": {
    "early_approach": 4.388708709993776,
    "early_speed_penalty": -7.807003444433211,
    "late_stability": -1.2268140998098005,
    "leg_bonus": 20.0,
    "terminal_penalty": 0.0,
    "terminal_bonus": 19.998579647388024,
    "flight_stability": -1.1464584497986579
  },
  "candidate_return": 34.20701236334013,
  "episode_length": 60
}
