{
  "trajectory_id": "final_ep040",
  "component_totals": {
    "early_approach": 4.0940617594059985,
    "early_speed_penalty": -8.004217684268951,
    "late_stability": -19.514241221360862,
    "leg_bonus": 0.0,
    "terminal_penalty": -5.0,
    "terminal_bonus": 0.0,
    "flight_stability": -4.205674291210016
  },
  "candidate_return": -32.630071437433834,
  "episode_length": 57
}
