{
  "trajectory_id": "final_ep046",
  "component_totals": {
    "early_approach": 4.288559376733716,
    "early_speed_penalty": -7.873505002260207,
    "late_stability": -6.048977686601489,
    "leg_bonus": 0.0,
    "terminal_penalty": 0.0,
    "terminal_bonus": 0.0,
    "flight_stability": -0.9186858616763658
  },
  "candidate_return": -10.552609173804349,
  "episode_length": 58
}
