{
  "trajectory_id": "final_ep008",
  "component_totals": {
    "early_approach": 3.7495068858618534,
    "early_speed_penalty": -8.128527622111143,
    "late_stability": -23.702480932930484,
    "leg_bonus": 0.0,
    "terminal_penalty": -5.0,
    "terminal_bonus": 0.0,
    "flight_stability": -4.906065451854374
  },
  "candidate_return": -37.98756712103415,
  "episode_length": 79
}
