{
  "trajectory_id": "final_ep023",
  "component_totals": {
    "early_approach": 4.230365876338887,
    "early_speed_penalty": -8.448236505920068,
    "late_stability": -9.542382195840673,
    "leg_bonus": 0.0,
    "terminal_penalty": 0.0,
    "terminal_bonus": 0.0,
    "flight_stability": -2.598777254301922
  },
  "candidate_return": -16.359030079723777,
  "episode_length": 80
}
