{
  "trajectory_id": "final_ep047",
  "component_totals": {
    "early_approach": 4.415001905188262,
    "early_speed_penalty": -8.003145994246006,
    "late_stability": -3.8590983443455187,
    "leg_bonus": 20.0,
    "terminal_penalty": 0.0,
    "terminal_bonus": 19.912282883249095,
    "flight_stability": -0.732535857098739
  },
  "candidate_return": 31.73250459274709,
  "episode_length": 68
}
