{
  "trajectory_id": "final_ep000",
  "component_totals": {
    "early_approach": 3.9720861901641324,
    "early_speed_penalty": -7.967288973508404,
    "late_stability": -15.003027912258403,
    "leg_bonus": 0.0,
    "terminal_penalty": -5.0,
    "terminal_bonus": 0.0,
    "flight_stability": -4.214660576213646
  },
  "candidate_return": -28.212891271816318,
  "episode_length": 69
}
