{
  "trajectory_id": "final_ep031",
  "component_totals": {
    "early_approach": 3.9654105848325996,
    "early_speed_penalty": -8.81747780907899,
    "late_stability": -19.342607855796814,
    "leg_bonus": 0.0,
    "terminal_penalty": -5.0,
    "terminal_bonus": 0.0,
    "flight_stability": -5.799634287424851
  },
  "candidate_return": -34.99430936746806,
  "episode_length": 86
}
