{
  "trajectory_id": "final_ep039",
  "component_totals": {
    "early_approach": 4.671031131843078,
    "early_speed_penalty": -8.485243139322847,
    "late_stability": -0.7215478668513242,
    "leg_bonus": 20.0,
    "terminal_penalty": 0.0,
    "terminal_bonus": 19.80310409189001,
    "flight_stability": -0.7917624518045727
  },
  "candidate_return": 34.47558176575434,
  "episode_length": 79
}
