{
  "trajectory_id": "final_ep029",
  "component_totals": {
    "early_approach": 4.726834537100857,
    "early_speed_penalty": -9.253137835673988,
    "late_stability": -6.146485019475222,
    "leg_bonus": 0.0,
    "terminal_penalty": 0.0,
    "terminal_bonus": 0.0,
    "flight_stability": -2.8823298138886457
  },
  "candidate_return": -13.555118131936997,
  "episode_length": 87
}
