{
  "trajectory_id": "final_ep026",
  "component_totals": {
    "early_approach": 4.306203947169435,
    "early_speed_penalty": -7.813149851560592,
    "late_stability": -4.576150005959789,
    "leg_bonus": 20.0,
    "terminal_penalty": 0.0,
    "terminal_bonus": 19.983430332148153,
    "flight_stability": -0.23870036916196113
  },
  "candidate_return": 31.661634052635243,
  "episode_length": 61
}
