{
  "trajectory_id": "final_ep038",
  "component_totals": {
    "early_approach": 4.507422883738801,
    "early_speed_penalty": -9.058451573085039,
    "late_stability": -6.083483103191725,
    "leg_bonus": 0.0,
    "terminal_penalty": 0.0,
    "terminal_bonus": 0.0,
    "flight_stability": -1.5427231069161849
  },
  "candidate_return": -12.177234899454149,
  "episode_length": 85
}
