{
  "trajectory_id": "final_ep033",
  "component_totals": {
    "early_approach": 4.010023216951495,
    "early_speed_penalty": -7.825004464387895,
    "late_stability": -11.639972426084569,
    "leg_bonus": 0.0,
    "terminal_penalty": 0.0,
    "terminal_bonus": 0.0,
    "flight_stability": -1.8569752107578097
  },
  "candidate_return": -17.311928884278778,
  "episode_length": 53
}
