{
  "trajectory_id": "final_ep044",
  "component_totals": {
    "early_approach": 4.055638108454527,
    "early_speed_penalty": -7.717154932022094,
    "late_stability": -16.65720047848299,
    "leg_bonus": 0.0,
    "terminal_penalty": -5.0,
    "terminal_bonus": 0.0,
    "flight_stability": -3.9669998504105024
  },
  "candidate_return": -29.28571715246106,
  "episode_length": 52
}
