{
  "trajectory_id": "final_ep032",
  "component_totals": {
    "early_approach": 4.370286033908997,
    "early_speed_penalty": -7.948395514488221,
    "late_stability": -5.161764462041901,
    "leg_bonus": 20.0,
    "terminal_penalty": 0.0,
    "terminal_bonus": 14.909440731063825,
    "flight_stability": -0.6739439413067885
  },
  "candidate_return": 25.495622847135913,
  "episode_length": 60
}
