{
  "trajectory_id": "final_ep014",
  "component_totals": {
    "early_approach": 4.228443005069368,
    "early_speed_penalty": -8.105689286068081,
    "late_stability": -12.122975773178041,
    "leg_bonus": 0.0,
    "terminal_penalty": -5.0,
    "terminal_bonus": 0.0,
    "flight_stability": -3.801628152757985
  },
  "candidate_return": -24.801850206934738,
  "episode_length": 70
}
