{
  "trajectory_id": "final_ep022",
  "component_totals": {
    "early_approach": 4.345033545478775,
    "early_speed_penalty": -8.862690918147566,
    "late_stability": -11.682803542760666,
    "leg_bonus": 0.0,
    "terminal_penalty": -5.0,
    "terminal_bonus": 0.0,
    "flight_stability": -4.073862340505002
  },
  "candidate_return": -25.274323255934455,
  "episode_length": 81
}
