{
  "trajectory_id": "final_ep041",
  "component_totals": {
    "early_approach": 4.268897163177725,
    "early_speed_penalty": -7.8189652323722845,
    "late_stability": -11.866075143479975,
    "leg_bonus": 0.0,
    "terminal_penalty": -5.0,
    "terminal_bonus": 0.0,
    "flight_stability": -4.022027049883036
  },
  "candidate_return": -24.438170262557573,
  "episode_length": 63
}
