{
  "trajectory_id": "final_ep034",
  "component_totals": {
    "early_approach": 4.6228846914483475,
    "early_speed_penalty": -9.557654379727321,
    "late_stability": -12.728357363725081,
    "leg_bonus": 0.0,
    "terminal_penalty": -5.0,
    "terminal_bonus": 0.0,
    "flight_stability": -4.732918154855724
  },
  "candidate_return": -27.396045206859775,
  "episode_length": 89
}
