{
  "trajectory_id": "final_ep016",
  "component_totals": {
    "early_approach": 3.88321487518869,
    "early_speed_penalty": -8.148380118794739,
    "late_stability": -18.68652686051064,
    "leg_bonus": 0.0,
    "terminal_penalty": -5.0,
    "terminal_bonus": 0.0,
    "flight_stability": -3.9419219672818144
  },
  "candidate_return": -31.893614071398503,
  "episode_length": 76
}
