{
  "trajectory_id": "final_ep042",
  "component_totals": {
    "early_approach": 3.848792466042335,
    "early_speed_penalty": -9.837016911804676,
    "late_stability": -18.452194894314744,
    "leg_bonus": 0.0,
    "terminal_penalty": -5.0,
    "terminal_bonus": 0.0,
    "flight_stability": -4.866376854468399
  },
  "candidate_return": -34.306796194545484,
  "episode_length": 91
}
