{
  "trajectory_id": "final_ep018",
  "component_totals": {
    "early_approach": 3.9661282888802756,
    "early_speed_penalty": -8.351854860945604,
    "late_stability": -10.919854114453301,
    "leg_bonus": 0.0,
    "terminal_penalty": 0.0,
    "terminal_bonus": 0.0,
    "flight_stability": -1.3986471020521094
  },
  "candidate_return": -16.70422778857074,
  "episode_length": 79
}
