{
  "trajectory_id": "final_ep006",
  "component_totals": {
    "early_approach": 4.347600629401034,
    "early_speed_penalty": -7.883515429496765,
    "late_stability": -6.2735908621689305,
    "leg_bonus": 20.0,
    "terminal_penalty": 0.0,
    "terminal_bonus": 11.20018140832542,
    "flight_stability": -1.4136911651148694
  },
  "candidate_return": 19.97698458094589,
  "episode_length": 57
}
