{
  "trajectory_id": "final_ep019",
  "component_totals": {
    "early_approach": 4.696546103019904,
    "early_speed_penalty": -8.67683701571077,
    "late_stability": -0.5037786387989565,
    "leg_bonus": 20.0,
    "terminal_penalty": 0.0,
    "terminal_bonus": 19.951290275871024,
    "flight_stability": -0.5808124306215046
  },
  "candidate_return": 34.88640829375969,
  "episode_length": 82
}
