{
  "trajectory_id": "final_ep003",
  "component_totals": {
    "early_approach": 4.27005491943181,
    "early_speed_penalty": -7.846443009376526,
    "late_stability": -12.9042312130332,
    "leg_bonus": 0.0,
    "terminal_penalty": 0.0,
    "terminal_bonus": 0.0,
    "flight_stability": -3.6911213449639035
  },
  "candidate_return": -20.171740647941817,
  "episode_length": 58
}
