{
  "trajectory_id": "final_ep045",
  "component_totals": {
    "early_approach": 4.418402518633123,
    "early_speed_penalty": -7.906930547952653,
    "late_stability": -3.122948810611504,
    "leg_bonus": 20.0,
    "terminal_penalty": 0.0,
    "terminal_bonus": 19.981708347959575,
    "flight_stability": -1.1441265054921814
  },
  "candidate_return": 32.22610500253636,
  "episode_length": 57
}
