{
  "trajectory_id": "final_ep028",
  "component_totals": {
    "early_approach": 4.196550191333941,
    "early_speed_penalty": -7.847586756944657,
    "late_stability": -13.69541836809367,
    "leg_bonus": 0.0,
    "terminal_penalty": -5.0,
    "terminal_bonus": 0.0,
    "flight_stability": -4.287208910818663
  },
  "candidate_return": -26.63366384452305,
  "episode_length": 69
}
