{
  "trajectory_id": "final_ep009",
  "component_totals": {
    "early_approach": 4.390863274405846,
    "early_speed_penalty": -7.865034466981888,
    "late_stability": -3.3356210761043825,
    "leg_bonus": 10.0,
    "terminal_penalty": 0.0,
    "terminal_bonus": 0.0,
    "flight_stability": -1.1555986277058992
  },
  "candidate_return": 2.034609103613676,
  "episode_length": 55
}
