{
  "trajectory_id": "final_ep027",
  "component_totals": {
    "early_approach": 3.915306461563087,
    "early_speed_penalty": -7.968956848978995,
    "late_stability": -9.766096321151792,
    "leg_bonus": 0.0,
    "terminal_penalty": 0.0,
    "terminal_bonus": 0.0,
    "flight_stability": -1.1376707989687986
  },
  "candidate_return": -14.957417507536501,
  "episode_length": 63
}
