{
  "trajectory_id": "final_ep005",
  "component_totals": {
    "early_approach": 4.47248719320781,
    "early_speed_penalty": -7.980828529596329,
    "late_stability": -2.1222789176152475,
    "leg_bonus": 20.0,
    "terminal_penalty": 0.0,
    "terminal_bonus": 19.987471383054487,
    "flight_stability": -0.715360747820263
  },
  "candidate_return": 33.641490381230454,
  "episode_length": 65
}
