{
  "trajectory_id": "final_ep021",
  "component_totals": {
    "early_approach": 4.363910484591167,
    "early_speed_penalty": -7.910174977779389,
    "late_stability": -5.2334274645790515,
    "leg_bonus": 20.0,
    "terminal_penalty": 0.0,
    "terminal_bonus": 19.997352046571912,
    "flight_stability": -0.7418865226331661
  },
  "candidate_return": 30.475773566171473,
  "episode_length": 53
}
