{
  "trajectory_id": "final_ep001",
  "component_totals": {
    "early_approach": 4.150719748346365,
    "early_speed_penalty": -7.906533706188202,
    "late_stability": -12.78679379827554,
    "leg_bonus": 0.0,
    "terminal_penalty": -5.0,
    "terminal_bonus": 0.0,
    "flight_stability": -3.7280409964341743
  },
  "candidate_return": -25.27064875255155,
  "episode_length": 63
}
