{
  "trajectory_id": "final_ep010",
  "component_totals": {
    "early_approach": 3.948935875860033,
    "early_speed_penalty": -8.847964920802042,
    "late_stability": -10.499314103275537,
    "leg_bonus": 0.0,
    "terminal_penalty": -5.0,
    "terminal_bonus": 0.0,
    "flight_stability": -3.887110192612454
  },
  "candidate_return": -24.285453340830003,
  "episode_length": 76
}
