{
  "trajectory_id": "final_ep035",
  "component_totals": {
    "early_approach": 4.081741604226711,
    "early_speed_penalty": -8.613800948299469,
    "late_stability": -17.709623427013867,
    "leg_bonus": 0.0,
    "terminal_penalty": -5.0,
    "terminal_bonus": 0.0,
    "flight_stability": -4.274004263337702
  },
  "candidate_return": -31.515687034424325,
  "episode_length": 84
}
