{
  "trajectory_id": "final_ep048",
  "component_totals": {
    "early_approach": 4.4145702899505,
    "early_speed_penalty": -7.924674594402314,
    "late_stability": -2.797930837330279,
    "leg_bonus": 20.0,
    "terminal_penalty": 0.0,
    "terminal_bonus": 19.97872045446233,
    "flight_stability": -0.1201911151070334
  },
  "candidate_return": 33.5504941975732,
  "episode_length": 62
}
