{
  "trajectory_id": "final_ep020",
  "component_totals": {
    "early_approach": 4.10608595143133,
    "early_speed_penalty": -7.894608289003372,
    "late_stability": -14.755328395869583,
    "leg_bonus": 0.0,
    "terminal_penalty": -5.0,
    "terminal_bonus": 0.0,
    "flight_stability": -5.116976176330354
  },
  "candidate_return": -28.660826909771977,
  "episode_length": 54
}
