{
  "trajectory_id": "final_ep025",
  "component_totals": {
    "early_approach": 4.202342718725308,
    "early_speed_penalty": -7.962091541290282,
    "late_stability": -12.90468828252051,
    "leg_bonus": 0.0,
    "terminal_penalty": -5.0,
    "terminal_bonus": 0.0,
    "flight_stability": -4.2413432994508184
  },
  "candidate_return": -25.9057804045363,
  "episode_length": 64
}
