{
  "trajectory_id": "final_ep030",
  "component_totals": {
    "early_approach": 5.027757746750673,
    "early_speed_penalty": -9.732182394340635,
    "late_stability": -1.5540969227033656,
    "leg_bonus": 10.0,
    "terminal_penalty": 0.0,
    "terminal_bonus": 0.0,
    "flight_stability": -1.9241415632073995
  },
  "candidate_return": 1.8173368664992724,
  "episode_length": 90
}
