{
  "trajectory_id": "final_ep015",
  "component_totals": {
    "early_approach": 4.294016756138365,
    "early_speed_penalty": -8.028190687298775,
    "late_stability": -13.65168559551239,
    "leg_bonus": 0.0,
    "terminal_penalty": -5.0,
    "terminal_bonus": 0.0,
    "flight_stability": -4.238014111528173
  },
  "candidate_return": -26.623873638200976,
  "episode_length": 65
}
