{
  "trajectory_id": "final_ep049",
  "component_totals": {
    "early_approach": 4.473912063195188,
    "early_speed_penalty": -7.9544632419943815,
    "late_stability": -0.6797780450632892,
    "leg_bonus": 10.0,
    "terminal_penalty": 0.0,
    "terminal_bonus": 19.93718134031273,
    "flight_stability": -0.6174740158603982
  },
  "candidate_return": 25.159378100589848,
  "episode_length": 67
}
