{
  "trajectory_id": "final_ep037",
  "component_totals": {
    "early_approach": 4.473658811362185,
    "early_speed_penalty": -7.97130793631077,
    "late_stability": -1.7654672652485885,
    "leg_bonus": 20.0,
    "terminal_penalty": 0.0,
    "terminal_bonus": 19.9816205014809,
    "flight_stability": -1.3790101569028224
  },
  "candidate_return": 33.339493954380906,
  "episode_length": 68
}
