{
  "trajectory_id": "final_ep012",
  "component_totals": {
    "early_approach": 4.3002598166624635,
    "early_speed_penalty": -7.684619271755218,
    "late_stability": -2.889159289635881,
    "leg_bonus": 20.0,
    "terminal_penalty": 0.0,
    "terminal_bonus": 19.96999225879142,
    "flight_stability": -0.44380439983789444
  },
  "candidate_return": 33.25266911422489,
  "episode_length": 52
}
