{
  "trajectory_id": "final_ep004",
  "component_totals": {
    "early_approach": 4.476919244213687,
    "early_speed_penalty": -9.429687158577144,
    "late_stability": -10.312672667670995,
    "leg_bonus": 0.0,
    "terminal_penalty": 0.0,
    "terminal_bonus": 0.0,
    "flight_stability": -3.0693786806659773
  },
  "candidate_return": -18.33481926270043,
  "episode_length": 86
}
