{
  "trajectory_id": "final_ep011",
  "component_totals": {
    "early_approach": 4.339288875914478,
    "early_speed_penalty": -8.052733000181615,
    "late_stability": -11.034847880946472,
    "leg_bonus": 0.0,
    "terminal_penalty": -5.0,
    "terminal_bonus": 0.0,
    "flight_stability": -3.5670135233085603
  },
  "candidate_return": -23.31530552852217,
  "episode_length": 76
}
