{
  "trajectory_id": "final_ep043",
  "component_totals": {
    "early_approach": 4.041455421251593,
    "early_speed_penalty": -9.832097926549613,
    "late_stability": -15.452208821196109,
    "leg_bonus": 0.0,
    "terminal_penalty": 0.0,
    "terminal_bonus": 0.0,
    "flight_stability": -2.4338414503681634
  },
  "candidate_return": -23.676692776862296,
  "episode_length": 95
}
