{
  "trajectory_id": "final_ep002",
  "component_totals": {
    "early_approach": 4.386231775100508,
    "early_speed_penalty": -8.029212310397998,
    "late_stability": -4.2097928578732535,
    "leg_bonus": 20.0,
    "terminal_penalty": 0.0,
    "terminal_bonus": 19.615140332679985,
    "flight_stability": -1.360332684183959
  },
  "candidate_return": 30.402034255325283,
  "episode_length": 76
}
