{
  "trajectory_id": "final_ep013",
  "component_totals": {
    "early_approach": 4.232366635649147,
    "early_speed_penalty": -7.933514565229416,
    "late_stability": -12.927513590548187,
    "leg_bonus": 0.0,
    "terminal_penalty": -5.0,
    "terminal_bonus": 0.0,
    "flight_stability": -3.8534166878744145
  },
  "candidate_return": -25.48207820800287,
  "episode_length": 56
}
