{
  "trajectory_id": "final_ep007",
  "component_totals": {
    "early_approach": 4.568295826920438,
    "early_speed_penalty": -8.373406679136679,
    "late_stability": -2.377825761657256,
    "leg_bonus": 10.0,
    "terminal_penalty": 0.0,
    "terminal_bonus": 19.98753317536189,
    "flight_stability": -1.3434726636796341
  },
  "candidate_return": 22.461123897808754,
  "episode_length": 79
}
