{
  "trajectory_id": "final_ep011",
  "component_totals": {
    "early_approach": 4.135936231319558,
    "step_progress": 1.390657329807548,
    "low_alt_stability": 1.5085040309932083,
    "leg_bonus": 80.0,
    "terminal_bonus": 20.0,
    "failure_penalty": 0.0,
    "hovering_penalty": -2.5
  },
  "candidate_return": 109.42528583893647,
  "episode_length": 134
}
