{
  "trajectory_id": "final_ep008",
  "component_totals": {
    "approach_progress": 0.6039033460997358,
    "proximity_bonus": 123.9091513926042,
    "near_stability": 134.07369385473794,
    "leg_bonus": 0.0,
    "terminal_reward": 0.0,
    "low_progress_timeout": -0.5
  },
  "candidate_return": 258.08674859344217,
  "episode_length": 1000
}
