{
  "trajectory_id": "final_ep027",
  "component_totals": {
    "approach_progress": -1.4985570802415298,
    "proximity_bonus": 11.934245881674931,
    "near_stability": 31.255608337931335,
    "leg_bonus": 0.0,
    "terminal_reward": -5.0,
    "low_progress_timeout": 0.0
  },
  "candidate_return": 36.69129713936474,
  "episode_length": 985
}
