{
  "trajectory_id": "final_ep033",
  "component_totals": {
    "approach_progress": 5.206719385278251,
    "velocity_control": 0.8461834113928424,
    "angle_stability": -0.3076689714798704,
    "landing_bonus": 0.0,
    "crash_penalty": 0.0,
    "timeout_penalty": 0.0,
    "survival_bonus": 0.7300000000000004
  },
  "candidate_return": 6.475233825191217,
  "episode_length": 74
}
