{
  "trajectory_id": "final_ep029",
  "component_totals": {
    "approach_progress": 4.407693775689161,
    "velocity_control": 0.0,
    "angle_stability": -0.9395326040685177,
    "landing_bonus": 0.0,
    "crash_penalty": 0.0,
    "timeout_penalty": 0.0,
    "survival_bonus": 0.6100000000000003
  },
  "candidate_return": 4.078161171620643,
  "episode_length": 62
}
