{
  "trajectory_id": "final_ep047",
  "component_totals": {
    "approach_progress": 4.072810445359433,
    "velocity_control": 0.0,
    "angle_stability": -0.3450631247833371,
    "landing_bonus": 0.0,
    "crash_penalty": 0.0,
    "timeout_penalty": 0.0,
    "survival_bonus": 0.7100000000000004
  },
  "candidate_return": 4.437747320576095,
  "episode_length": 72
}
