{
  "trajectory_id": "final_ep015",
  "component_totals": {
    "approach_progress": 5.091613794259193,
    "velocity_control": 0.0,
    "angle_stability": -0.6726032495498657,
    "landing_bonus": 0.0,
    "crash_penalty": 0.0,
    "timeout_penalty": 0.0,
    "survival_bonus": 0.8500000000000005
  },
  "candidate_return": 5.269010544709326,
  "episode_length": 86
}
