{
  "trajectory_id": "final_ep045",
  "component_totals": {
    "approach_progress": 4.983061728737499,
    "velocity_control": 0.0,
    "angle_stability": -0.5551918260753155,
    "landing_bonus": 0.0,
    "crash_penalty": 0.0,
    "timeout_penalty": 0.0,
    "survival_bonus": 0.8500000000000005
  },
  "candidate_return": 5.2778699026621805,
  "episode_length": 86
}
