{
  "trajectory_id": "final_ep034",
  "component_totals": {
    "approach_progress": 5.556113288234568,
    "velocity_control": 0.9999999721915758,
    "angle_stability": -0.319209181383485,
    "landing_bonus": 0.0,
    "crash_penalty": 0.0,
    "timeout_penalty": 0.0,
    "survival_bonus": 0.8400000000000005
  },
  "candidate_return": 7.076904079042659,
  "episode_length": 85
}
