{
  "trajectory_id": "final_ep004",
  "component_totals": {
    "approach_progress": 5.221569293646967,
    "velocity_control": 0.0,
    "angle_stability": -0.2435552628012374,
    "landing_bonus": 0.0,
    "crash_penalty": 0.0,
    "timeout_penalty": 0.0,
    "survival_bonus": 0.5500000000000003
  },
  "candidate_return": 5.528014030845728,
  "episode_length": 56
}
