{
  "trajectory_id": "final_ep017",
  "component_totals": {
    "approach_progress": 5.081975211038011,
    "velocity_control": 0.0,
    "angle_stability": -0.5220335754565895,
    "landing_bonus": 0.0,
    "crash_penalty": 0.0,
    "timeout_penalty": 0.0,
    "survival_bonus": 0.8700000000000006
  },
  "candidate_return": 5.42994163558142,
  "episode_length": 88
}
