{
  "trajectory_id": "final_ep031",
  "component_totals": {
    "approach_progress": 4.621740847168649,
    "velocity_control": 0.3839966112617762,
    "angle_stability": -0.6309995912015438,
    "landing_bonus": 0.0,
    "crash_penalty": 0.0,
    "timeout_penalty": 0.0,
    "survival_bonus": 0.5600000000000003
  },
  "candidate_return": 4.934737867228879,
  "episode_length": 57
}
