{
  "trajectory_id": "final_ep030",
  "component_totals": {
    "approach_progress": 4.6324950841440895,
    "velocity_control": 0.6110041399945132,
    "angle_stability": -0.22800567338708788,
    "landing_bonus": 0.0,
    "crash_penalty": 0.0,
    "timeout_penalty": 0.0,
    "survival_bonus": 0.8000000000000005
  },
  "candidate_return": 5.815493550751515,
  "episode_length": 81
}
