{
  "trajectory_id": "final_ep026",
  "component_totals": {
    "approach_progress": 4.992604398799253,
    "velocity_control": 0.0,
    "angle_stability": -0.818177905632183,
    "landing_bonus": 0.0,
    "crash_penalty": -8.0,
    "timeout_penalty": 0.0,
    "survival_bonus": 0.8000000000000005
  },
  "candidate_return": -3.0255735068329335,
  "episode_length": 81
}
