{
  "trajectory_id": "final_ep018",
  "component_totals": {
    "approach_progress": 5.104441521058771,
    "velocity_control": 0.0,
    "angle_stability": -0.30866567220073193,
    "landing_bonus": 0.0,
    "crash_penalty": 0.0,
    "timeout_penalty": 0.0,
    "survival_bonus": 0.7000000000000004
  },
  "candidate_return": 5.495775848858038,
  "episode_length": 71
}
