{
  "trajectory_id": "final_ep022",
  "component_totals": {
    "approach_progress": 5.04169056445738,
    "velocity_control": 0.0,
    "angle_stability": -0.5200584495905787,
    "landing_bonus": 0.0,
    "crash_penalty": -8.0,
    "timeout_penalty": 0.0,
    "survival_bonus": 0.7300000000000004
  },
  "candidate_return": -2.7483678851332005,
  "episode_length": 74
}
