{
  "trajectory_id": "final_ep002",
  "component_totals": {
    "approach_progress": 5.468123053220316,
    "velocity_control": 0.9999996681564252,
    "angle_stability": -0.2987298697407823,
    "landing_bonus": 10.0,
    "crash_penalty": 0.0,
    "timeout_penalty": 0.0,
    "survival_bonus": 0.7300000000000004
  },
  "candidate_return": 16.89939285163596,
  "episode_length": 74
}
