{
  "trajectory_id": "final_ep013",
  "component_totals": {
    "approach_progress": 5.035077684253347,
    "velocity_control": 0.08399931385422654,
    "angle_stability": -0.42184999503660947,
    "landing_bonus": 0.0,
    "crash_penalty": 0.0,
    "timeout_penalty": 0.0,
    "survival_bonus": 0.8300000000000005
  },
  "candidate_return": 5.527227003070961,
  "episode_length": 84
}
