{
  "trajectory_id": "final_ep006",
  "component_totals": {
    "approach_progress": 4.402812561377681,
    "velocity_control": 0.0,
    "angle_stability": -0.7027548999758437,
    "landing_bonus": 0.0,
    "crash_penalty": -8.0,
    "timeout_penalty": 0.0,
    "survival_bonus": 0.8200000000000005
  },
  "candidate_return": -3.479942338598165,
  "episode_length": 83
}
