{
  "trajectory_id": "final_ep001",
  "component_totals": {
    "approach_progress": 5.393901132729969,
    "velocity_control": 0.7340141842659273,
    "angle_stability": -0.3619861331535503,
    "landing_bonus": 10.0,
    "crash_penalty": 0.0,
    "timeout_penalty": 0.0,
    "survival_bonus": 0.5900000000000003
  },
  "candidate_return": 16.355929183842346,
  "episode_length": 60
}
