{
  "trajectory_id": "final_ep020",
  "component_totals": {
    "approach_progress": 4.964290747207151,
    "velocity_control": 0.0,
    "angle_stability": -0.5147626546677202,
    "landing_bonus": 0.0,
    "crash_penalty": 0.0,
    "timeout_penalty": 0.0,
    "survival_bonus": 0.6200000000000003
  },
  "candidate_return": 5.069528092539426,
  "episode_length": 63
}
