{
  "trajectory_id": "final_ep012",
  "component_totals": {
    "approach_progress": 4.225960479222494,
    "velocity_control": 0.0,
    "angle_stability": -0.5413453027722426,
    "landing_bonus": 0.0,
    "crash_penalty": -10.0,
    "timeout_penalty": 0.0,
    "survival_bonus": 0.6600000000000004
  },
  "candidate_return": -5.6553848235497535,
  "episode_length": 67
}
