{
  "trajectory_id": "final_ep040",
  "component_totals": {
    "approach_progress": 5.111944581583733,
    "velocity_control": 0.0,
    "angle_stability": -0.5429648295976222,
    "landing_bonus": 0.0,
    "crash_penalty": 0.0,
    "timeout_penalty": 0.0,
    "survival_bonus": 0.6100000000000003
  },
  "candidate_return": 5.178979751986114,
  "episode_length": 62
}
