{
  "trajectory_id": "final_ep007",
  "component_totals": {
    "approach_progress": 4.849286064008853,
    "velocity_control": 0.0,
    "angle_stability": -0.2840381183195859,
    "landing_bonus": 0.0,
    "crash_penalty": -8.0,
    "timeout_penalty": 0.0,
    "survival_bonus": 0.5800000000000003
  },
  "candidate_return": -2.854752054310735,
  "episode_length": 59
}
