{
  "trajectory_id": "final_ep025",
  "component_totals": {
    "approach_progress": 5.382872713286775,
    "velocity_control": 0.9999947423038161,
    "angle_stability": -0.2367618387506809,
    "landing_bonus": 10.0,
    "crash_penalty": 0.0,
    "timeout_penalty": 0.0,
    "survival_bonus": 0.5400000000000003
  },
  "candidate_return": 16.68610561683991,
  "episode_length": 55
}
