{
  "trajectory_id": "final_ep044",
  "component_totals": {
    "approach_progress": 5.156205592170539,
    "velocity_control": 0.0,
    "angle_stability": -0.5647721287095919,
    "landing_bonus": 0.0,
    "crash_penalty": 0.0,
    "timeout_penalty": 0.0,
    "survival_bonus": 0.7000000000000004
  },
  "candidate_return": 5.291433463460947,
  "episode_length": 71
}
