{
  "trajectory_id": "final_ep028",
  "component_totals": {
    "approach_progress": 4.817974238213293,
    "velocity_control": 0.0,
    "angle_stability": -0.5730655989609659,
    "landing_bonus": 0.0,
    "crash_penalty": 0.0,
    "timeout_penalty": 0.0,
    "survival_bonus": 0.8600000000000005
  },
  "candidate_return": 5.104908639252326,
  "episode_length": 87
}
