{
  "trajectory_id": "final_ep021",
  "component_totals": {
    "approach_progress": 5.236404258524964,
    "velocity_control": 0.0,
    "angle_stability": -0.9339108472922817,
    "landing_bonus": 0.0,
    "crash_penalty": 0.0,
    "timeout_penalty": 0.0,
    "survival_bonus": 0.8000000000000005
  },
  "candidate_return": 5.102493411232684,
  "episode_length": 81
}
