{
  "trajectory_id": "final_ep005",
  "component_totals": {
    "approach_progress": 4.7767908069395,
    "velocity_control": 0.0,
    "angle_stability": -0.8815175645868294,
    "landing_bonus": 0.0,
    "crash_penalty": 0.0,
    "timeout_penalty": 0.0,
    "survival_bonus": 0.5100000000000002
  },
  "candidate_return": 4.405273242352667,
  "episode_length": 52
}
