{
  "trajectory_id": "final_ep035",
  "component_totals": {
    "approach_progress": 5.490313811396475,
    "velocity_control": 0.999999926251185,
    "angle_stability": -0.2579676758032292,
    "landing_bonus": 10.0,
    "crash_penalty": 0.0,
    "timeout_penalty": 0.0,
    "survival_bonus": 0.6600000000000004
  },
  "candidate_return": 16.892346061844428,
  "episode_length": 67
}
