{
  "trajectory_id": "final_ep036",
  "component_totals": {
    "approach_progress": 5.084006289003354,
    "velocity_control": 0.0,
    "angle_stability": -0.4841376627446152,
    "landing_bonus": 0.0,
    "crash_penalty": 0.0,
    "timeout_penalty": 0.0,
    "survival_bonus": 0.5400000000000003
  },
  "candidate_return": 5.139868626258737,
  "episode_length": 55
}
