{
  "trajectory_id": "final_ep000",
  "component_totals": {
    "approach_progress": 4.792655854086959,
    "velocity_control": 0.0,
    "angle_stability": -0.5491237139794976,
    "landing_bonus": 0.0,
    "crash_penalty": -8.0,
    "timeout_penalty": 0.0,
    "survival_bonus": 0.5300000000000002
  },
  "candidate_return": -3.2264678598925407,
  "episode_length": 54
}
