{
  "trajectory_id": "final_ep027",
  "component_totals": {
    "approach_progress": 4.649440069401522,
    "velocity_control": 0.0,
    "angle_stability": -0.5301083195954561,
    "landing_bonus": 0.0,
    "crash_penalty": 0.0,
    "timeout_penalty": 0.0,
    "survival_bonus": 0.7000000000000004
  },
  "candidate_return": 4.819331749806064,
  "episode_length": 71
}
