{
  "trajectory_id": "final_ep003",
  "component_totals": {
    "approach_progress": 4.092371886260889,
    "velocity_control": 0.0,
    "angle_stability": -0.5451612821198069,
    "landing_bonus": 0.0,
    "crash_penalty": 0.0,
    "timeout_penalty": 0.0,
    "survival_bonus": 0.8800000000000006
  },
  "candidate_return": 4.427210604141078,
  "episode_length": 89
}
