{
  "trajectory_id": "final_ep024",
  "component_totals": {
    "approach_progress": 5.6733083054446825,
    "velocity_control": 0.9998544819307772,
    "angle_stability": -0.2971151627134532,
    "landing_bonus": 0.0,
    "crash_penalty": -8.0,
    "timeout_penalty": 0.0,
    "survival_bonus": 0.8400000000000005
  },
  "candidate_return": -0.7839523753379947,
  "episode_length": 85
}
