{
  "trajectory_id": "final_ep011",
  "component_totals": {
    "approach_progress": 5.384814498733609,
    "velocity_control": 0.9170399159192804,
    "angle_stability": -0.2417788149032276,
    "landing_bonus": 10.0,
    "crash_penalty": 0.0,
    "timeout_penalty": 0.0,
    "survival_bonus": 0.7000000000000004
  },
  "candidate_return": 16.760075599749662,
  "episode_length": 71
}
