{
  "trajectory_id": "final_ep046",
  "component_totals": {
    "approach_progress": 5.523568461470621,
    "velocity_control": 0.9998551326132423,
    "angle_stability": -0.2932878795545548,
    "landing_bonus": 0.0,
    "crash_penalty": -8.0,
    "timeout_penalty": 0.0,
    "survival_bonus": 0.8000000000000005
  },
  "candidate_return": -0.96986428547069,
  "episode_length": 81
}
