{
  "trajectory_id": "final_ep043",
  "component_totals": {
    "approach_progress": 5.053513622781839,
    "velocity_control": 0.0,
    "angle_stability": -0.3323056979570538,
    "landing_bonus": 0.0,
    "crash_penalty": 0.0,
    "timeout_penalty": 0.0,
    "survival_bonus": 0.6300000000000003
  },
  "candidate_return": 5.351207924824783,
  "episode_length": 64
}
