{
  "trajectory_id": "final_ep037",
  "component_totals": {
    "approach_progress": 5.178098868845252,
    "velocity_control": 0.0,
    "angle_stability": -0.4969027009792626,
    "landing_bonus": 0.0,
    "crash_penalty": 0.0,
    "timeout_penalty": 0.0,
    "survival_bonus": 0.6000000000000003
  },
  "candidate_return": 5.281196167865988,
  "episode_length": 61
}
