{
  "trajectory_id": "final_ep010",
  "component_totals": {
    "approach_progress": 4.984144597202419,
    "velocity_control": 0.05287573686947489,
    "angle_stability": -0.4916480794781819,
    "landing_bonus": 0.0,
    "crash_penalty": 0.0,
    "timeout_penalty": 0.0,
    "survival_bonus": 0.8600000000000005
  },
  "candidate_return": 5.4053722545937095,
  "episode_length": 87
}
