{
  "trajectory_id": "final_ep009",
  "component_totals": {
    "approach_progress": 4.077529502577904,
    "velocity_control": 0.283444114371326,
    "angle_stability": -0.8261437482433394,
    "landing_bonus": 0.0,
    "crash_penalty": 0.0,
    "timeout_penalty": 0.0,
    "survival_bonus": 0.8400000000000005
  },
  "candidate_return": 4.374829868705888,
  "episode_length": 85
}
