{
  "trajectory_id": "final_ep014",
  "component_totals": {
    "approach_progress": 4.948264193068519,
    "velocity_control": 0.032782661938943636,
    "angle_stability": -0.3648719621123746,
    "landing_bonus": 0.0,
    "crash_penalty": 0.0,
    "timeout_penalty": 0.0,
    "survival_bonus": 0.5800000000000003
  },
  "candidate_return": 5.196174892895086,
  "episode_length": 59
}
