{
  "trajectory_id": "final_ep016",
  "component_totals": {
    "approach_progress": 4.722286718420035,
    "velocity_control": 0.0,
    "angle_stability": -0.49199412437155843,
    "landing_bonus": 0.0,
    "crash_penalty": -8.0,
    "timeout_penalty": 0.0,
    "survival_bonus": 0.5800000000000003
  },
  "candidate_return": -3.189707405951526,
  "episode_length": 59
}
