{
  "trajectory_id": "final_ep023",
  "component_totals": {
    "approach_progress": 4.771769851206556,
    "velocity_control": 0.8958126894531528,
    "angle_stability": -0.4800384321715683,
    "landing_bonus": 0.0,
    "crash_penalty": 0.0,
    "timeout_penalty": 0.0,
    "survival_bonus": 0.8000000000000005
  },
  "candidate_return": 5.987544108488139,
  "episode_length": 81
}
