{
  "trajectory_id": "final_ep041",
  "component_totals": {
    "approach_progress": 5.306177608164791,
    "velocity_control": 0.9999999421165435,
    "angle_stability": -0.2820192245999351,
    "landing_bonus": 10.0,
    "crash_penalty": 0.0,
    "timeout_penalty": 0.0,
    "survival_bonus": 0.6700000000000004
  },
  "candidate_return": 16.6941583256814,
  "episode_length": 68
}
