{
  "trajectory_id": "final_ep032",
  "component_totals": {
    "approach_progress": 4.917271793197825,
    "velocity_control": 0.0,
    "angle_stability": -0.7103950916789472,
    "landing_bonus": 0.0,
    "crash_penalty": -8.0,
    "timeout_penalty": 0.0,
    "survival_bonus": 0.6600000000000004
  },
  "candidate_return": -3.1331232984811193,
  "episode_length": 67
}
