{
  "trajectory_id": "final_ep038",
  "component_totals": {
    "approach_progress": 4.7178868602257005,
    "velocity_control": 0.0,
    "angle_stability": -0.5739861528854817,
    "landing_bonus": 0.0,
    "crash_penalty": -10.0,
    "timeout_penalty": 0.0,
    "survival_bonus": 0.5200000000000002
  },
  "candidate_return": -5.3360992926597826,
  "episode_length": 53
}
