{
  "trajectory_id": "final_ep008",
  "component_totals": {
    "approach_progress": 5.220067702480606,
    "velocity_control": 0.0,
    "angle_stability": -0.8112111501395702,
    "landing_bonus": 0.0,
    "crash_penalty": 0.0,
    "timeout_penalty": 0.0,
    "survival_bonus": 0.7600000000000005
  },
  "candidate_return": 5.168856552341036,
  "episode_length": 77
}
