{
  "trajectory_id": "final_ep019",
  "component_totals": {
    "approach_progress": 5.771917725826991,
    "velocity_control": 0.9999999999925853,
    "angle_stability": -0.30788591143209487,
    "landing_bonus": 10.0,
    "crash_penalty": 0.0,
    "timeout_penalty": 0.0,
    "survival_bonus": 0.8400000000000005
  },
  "candidate_return": 17.30403181438748,
  "episode_length": 85
}
