{
  "trajectory_id": "final_ep039",
  "component_totals": {
    "approach_progress": 4.5297329459216575,
    "velocity_control": 0.0,
    "angle_stability": -0.2988151904428378,
    "landing_bonus": 0.0,
    "crash_penalty": -8.0,
    "timeout_penalty": 0.0,
    "survival_bonus": 0.6300000000000003
  },
  "candidate_return": -3.1390822445211795,
  "episode_length": 64
}
