{
  "trajectory_id": "final_ep049",
  "component_totals": {
    "approach_progress": 5.375658804932041,
    "velocity_control": 0.7313887774944294,
    "angle_stability": -0.347742264973931,
    "landing_bonus": 10.0,
    "crash_penalty": 0.0,
    "timeout_penalty": 0.0,
    "survival_bonus": 0.6300000000000003
  },
  "candidate_return": 16.389305317452536,
  "episode_length": 64
}
