{
  "trajectory_id": "final_ep048",
  "component_totals": {
    "approach_progress": 5.510298706958727,
    "velocity_control": 0.5050274396778549,
    "angle_stability": -0.27260739091434516,
    "landing_bonus": 10.0,
    "crash_penalty": 0.0,
    "timeout_penalty": 0.0,
    "survival_bonus": 0.6700000000000004
  },
  "candidate_return": 16.41271875572224,
  "episode_length": 68
}
