{
  "trajectory_id": "final_ep042",
  "component_totals": {
    "approach_progress": 5.342066699495282,
    "velocity_control": 0.861430808901707,
    "angle_stability": -0.27262893255101517,
    "landing_bonus": 10.0,
    "crash_penalty": 0.0,
    "timeout_penalty": 0.0,
    "survival_bonus": 0.5400000000000003
  },
  "candidate_return": 16.47086857584597,
  "episode_length": 55
}
