{
  "trajectory_id": "final_ep030",
  "component_totals": {
    "far_approach": 2.025462077534235,
    "far_quality_penalty": -0.7269039701786821,
    "low_progress_penalty": -0.6,
    "proximity_bonus": 31.707734986907088,
    "near_stability": 6.189478374319151,
    "leg_bonus": 12.0,
    "terminal_reward": 15.0,
    "low_progress_timeout": 0.0
  },
  "candidate_return": 65.59577146858179,
  "episode_length": 92
}
