{
  "trajectory_id": "final_ep016",
  "component_totals": {
    "far_approach": 2.002836792645569,
    "far_quality_penalty": -1.895497052924474,
    "low_progress_penalty": -0.30000000000000004,
    "proximity_bonus": 28.98965753984455,
    "near_stability": 4.880040183663368,
    "leg_bonus": 9.0,
    "terminal_reward": 15.0,
    "low_progress_timeout": 0.0
  },
  "candidate_return": 57.67703746322901,
  "episode_length": 91
}
