{
  "trajectory_id": "final_ep013",
  "component_totals": {
    "far_approach": 1.9920430578718,
    "far_quality_penalty": -4.466738878772595,
    "low_progress_penalty": 0.0,
    "proximity_bonus": 19.35364262537471,
    "near_stability": 6.64842523355037,
    "leg_bonus": 6.0,
    "terminal_reward": 15.0,
    "low_progress_timeout": 0.0
  },
  "candidate_return": 44.52737203802429,
  "episode_length": 84
}
