{
  "trajectory_id": "final_ep045",
  "component_totals": {
    "far_approach": 2.1011643874676915,
    "far_quality_penalty": -6.254913073871288,
    "low_progress_penalty": -1.0999999999999999,
    "proximity_bonus": 15.714941861911992,
    "near_stability": 7.857715452555567,
    "leg_bonus": 6.0,
    "terminal_reward": 0.0,
    "low_progress_timeout": 0.0
  },
  "candidate_return": 24.318908628063966,
  "episode_length": 111
}
