{
  "trajectory_id": "final_ep021",
  "component_totals": {
    "far_approach": 2.139834064258636,
    "far_quality_penalty": -2.5250239134766166,
    "low_progress_penalty": -1.4000000000000001,
    "proximity_bonus": 18.373031891041926,
    "near_stability": 1.3714692026980089,
    "leg_bonus": 9.0,
    "terminal_reward": 15.0,
    "low_progress_timeout": 0.0
  },
  "candidate_return": 41.959311244521956,
  "episode_length": 96
}
