{
  "trajectory_id": "final_ep027",
  "component_totals": {
    "far_approach": 2.098821403721932,
    "far_quality_penalty": -5.7867940630763774,
    "low_progress_penalty": -1.0999999999999999,
    "proximity_bonus": 15.893024047447362,
    "near_stability": 7.847332304343581,
    "leg_bonus": 3.0,
    "terminal_reward": 15.0,
    "low_progress_timeout": 0.0
  },
  "candidate_return": 36.9523836924365,
  "episode_length": 104
}
