{
  "trajectory_id": "final_ep025",
  "component_totals": {
    "far_approach": 2.1012341487918684,
    "far_quality_penalty": -2.7382912738365124,
    "low_progress_penalty": -1.0999999999999999,
    "proximity_bonus": 29.323759987081775,
    "near_stability": 9.494285787921399,
    "leg_bonus": 12.0,
    "terminal_reward": 15.0,
    "low_progress_timeout": 0.0
  },
  "candidate_return": 64.08098864995853,
  "episode_length": 101
}
