{
  "trajectory_id": "final_ep001",
  "component_totals": {
    "far_approach": 2.0272628226542917,
    "far_quality_penalty": -1.6595780613832174,
    "low_progress_penalty": -0.7999999999999999,
    "proximity_bonus": 26.627550449491764,
    "near_stability": 2.3744731536135077,
    "leg_bonus": 6.0,
    "terminal_reward": 0.0,
    "low_progress_timeout": 0.0
  },
  "candidate_return": 34.569708364376346,
  "episode_length": 94
}
