{
  "trajectory_id": "final_ep015",
  "component_totals": {
    "far_approach": 2.2137275593995147,
    "far_quality_penalty": -6.372512798961176,
    "low_progress_penalty": -1.7000000000000004,
    "proximity_bonus": 2.9977819944954014,
    "near_stability": 0.0,
    "leg_bonus": 0.0,
    "terminal_reward": 0.0,
    "low_progress_timeout": 0.0
  },
  "candidate_return": -2.861003245066261,
  "episode_length": 104
}
