{
  "trajectory_id": "final_ep005",
  "component_totals": {
    "far_approach": 1.9889870485367331,
    "far_quality_penalty": -3.551481272885576,
    "low_progress_penalty": 0.0,
    "proximity_bonus": 20.99567070492324,
    "near_stability": 5.44198014261201,
    "leg_bonus": 3.0,
    "terminal_reward": 15.0,
    "low_progress_timeout": 0.0
  },
  "candidate_return": 42.8751566231864,
  "episode_length": 74
}
