{
  "trajectory_id": "final_ep007",
  "component_totals": {
    "far_approach": 2.003755799966971,
    "far_quality_penalty": -2.657261166034732,
    "low_progress_penalty": 0.0,
    "proximity_bonus": 16.196661956966327,
    "near_stability": 0.36747299786657095,
    "leg_bonus": 9.0,
    "terminal_reward": 15.0,
    "low_progress_timeout": 0.0
  },
  "candidate_return": 39.91062958876514,
  "episode_length": 67
}
