{
  "trajectory_id": "final_ep000",
  "component_totals": {
    "far_approach": 2.030266857472994,
    "far_quality_penalty": -3.786312406510114,
    "low_progress_penalty": -0.7,
    "proximity_bonus": 20.302972428377274,
    "near_stability": 4.454183147025015,
    "leg_bonus": 6.0,
    "terminal_reward": 15.0,
    "low_progress_timeout": 0.0
  },
  "candidate_return": 43.301110026365166,
  "episode_length": 93
}
