{
  "trajectory_id": "final_ep028",
  "component_totals": {
    "far_approach": 2.013569469041747,
    "far_quality_penalty": -4.554526075627655,
    "low_progress_penalty": -0.30000000000000004,
    "proximity_bonus": 24.895056319599707,
    "near_stability": 14.183560439385474,
    "leg_bonus": 12.0,
    "terminal_reward": 15.0,
    "low_progress_timeout": 0.0
  },
  "candidate_return": 63.23766015239927,
  "episode_length": 100
}
