{
  "trajectory_id": "final_ep026",
  "component_totals": {
    "far_approach": 2.0034369166512285,
    "far_quality_penalty": -1.0755781936459243,
    "low_progress_penalty": 0.0,
    "proximity_bonus": 31.740487385707254,
    "near_stability": 6.290043851273367,
    "leg_bonus": 12.0,
    "terminal_reward": 15.0,
    "low_progress_timeout": 0.0
  },
  "candidate_return": 65.95838995998592,
  "episode_length": 84
}
