{
  "trajectory_id": "final_ep024",
  "component_totals": {
    "far_approach": 1.9897030942216896,
    "far_quality_penalty": -1.628580904379487,
    "low_progress_penalty": 0.0,
    "proximity_bonus": 19.972745284950065,
    "near_stability": 0.38509878516197205,
    "leg_bonus": 0.0,
    "terminal_reward": 0.0,
    "low_progress_timeout": 0.0
  },
  "candidate_return": 20.71896625995424,
  "episode_length": 68
}
