{
  "trajectory_id": "final_ep008",
  "component_totals": {
    "far_approach": 1.9865847263383491,
    "far_quality_penalty": -3.5404195073293523,
    "low_progress_penalty": 0.0,
    "proximity_bonus": 24.119885603053046,
    "near_stability": 8.436243258300237,
    "leg_bonus": 6.0,
    "terminal_reward": 15.0,
    "low_progress_timeout": 0.0
  },
  "candidate_return": 52.002294080362276,
  "episode_length": 88
}
