{
  "trajectory_id": "final_ep044",
  "component_totals": {
    "far_approach": 2.0037609254481046,
    "far_quality_penalty": -1.3451591212535283,
    "low_progress_penalty": 0.0,
    "proximity_bonus": 30.258643203009882,
    "near_stability": 7.634916874172632,
    "leg_bonus": 12.0,
    "terminal_reward": 15.0,
    "low_progress_timeout": 0.0
  },
  "candidate_return": 65.5521618813771,
  "episode_length": 87
}
