{
  "trajectory_id": "final_ep047",
  "component_totals": {
    "far_approach": 1.9849721795641564,
    "far_quality_penalty": -2.8685939440736545,
    "low_progress_penalty": 0.0,
    "proximity_bonus": 14.559812267088734,
    "near_stability": 1.2743369563249871,
    "leg_bonus": 9.0,
    "terminal_reward": 15.0,
    "low_progress_timeout": 0.0
  },
  "candidate_return": 38.95052745890422,
  "episode_length": 65
}
