{
  "trajectory_id": "final_ep041",
  "component_totals": {
    "far_approach": 2.007165490054927,
    "far_quality_penalty": -2.8378613830078394,
    "low_progress_penalty": 0.0,
    "proximity_bonus": 21.5400413166937,
    "near_stability": 3.4592291173757985,
    "leg_bonus": 3.0,
    "terminal_reward": 15.0,
    "low_progress_timeout": 0.0
  },
  "candidate_return": 42.168574541116584,
  "episode_length": 86
}
