{
  "trajectory_id": "final_ep014",
  "component_totals": {
    "far_approach": 2.0211731638300403,
    "far_quality_penalty": -3.9589224121998985,
    "low_progress_penalty": -0.2,
    "proximity_bonus": 28.394113051309994,
    "near_stability": 15.968242829088922,
    "leg_bonus": 12.0,
    "terminal_reward": 15.0,
    "low_progress_timeout": 0.0
  },
  "candidate_return": 69.22460663202907,
  "episode_length": 97
}
