{
  "trajectory_id": "final_ep040",
  "component_totals": {
    "far_approach": 2.0887728421747576,
    "far_quality_penalty": -19.826495781484123,
    "low_progress_penalty": -16.499999999999964,
    "proximity_bonus": 27.521099353877737,
    "near_stability": 130.3982945263706,
    "leg_bonus": 0.0,
    "terminal_reward": 0.0,
    "low_progress_timeout": 0.0
  },
  "candidate_return": 123.6816709409391,
  "episode_length": 355
}
