{
  "trajectory_id": "final_ep031",
  "component_totals": {
    "far_approach": 1.9915790151006405,
    "far_quality_penalty": -4.713511628669221,
    "low_progress_penalty": 0.0,
    "proximity_bonus": 7.551265272823432,
    "near_stability": 1.212335119246438,
    "leg_bonus": 6.0,
    "terminal_reward": 15.0,
    "low_progress_timeout": 0.0
  },
  "candidate_return": 27.04166777850129,
  "episode_length": 71
}
