{
  "trajectory_id": "final_ep038",
  "component_totals": {
    "far_approach": 1.9744956180551791,
    "far_quality_penalty": -3.345630392781459,
    "low_progress_penalty": 0.0,
    "proximity_bonus": 12.185152340788004,
    "near_stability": 0.853879876434803,
    "leg_bonus": 6.0,
    "terminal_reward": 15.0,
    "low_progress_timeout": 0.0
  },
  "candidate_return": 32.667897442496525,
  "episode_length": 63
}
