{
  "trajectory_id": "final_ep022",
  "component_totals": {
    "far_approach": 2.113518598410022,
    "far_quality_penalty": -7.453393412649163,
    "low_progress_penalty": -1.2,
    "proximity_bonus": 0.31734787380603513,
    "near_stability": 1.1263150325976312,
    "leg_bonus": 0.0,
    "terminal_reward": 0.0,
    "low_progress_timeout": 0.0
  },
  "candidate_return": -5.096211907835476,
  "episode_length": 89
}
