{
  "trajectory_id": "final_ep039",
  "component_totals": {
    "far_approach": 1.977161608792649,
    "far_quality_penalty": -4.444321395969019,
    "low_progress_penalty": 0.0,
    "proximity_bonus": 16.851659999891638,
    "near_stability": 5.500944352825172,
    "leg_bonus": 12.0,
    "terminal_reward": 15.0,
    "low_progress_timeout": 0.0
  },
  "candidate_return": 46.885444565540446,
  "episode_length": 74
}
