{
  "trajectory_id": "final_ep043",
  "component_totals": {
    "far_approach": 2.194538092638632,
    "far_quality_penalty": -2.237538525857963,
    "low_progress_penalty": -1.7000000000000004,
    "proximity_bonus": 28.64674610242649,
    "near_stability": 7.140599416138397,
    "leg_bonus": 12.0,
    "terminal_reward": 15.0,
    "low_progress_timeout": 0.0
  },
  "candidate_return": 61.04434508534555,
  "episode_length": 107
}
