{
  "trajectory_id": "final_ep035",
  "component_totals": {
    "far_approach": 1.9899925970343997,
    "far_quality_penalty": -2.801820797202526,
    "low_progress_penalty": 0.0,
    "proximity_bonus": 14.661630151782637,
    "near_stability": 1.2170131208840758,
    "leg_bonus": 6.0,
    "terminal_reward": 15.0,
    "low_progress_timeout": 0.0
  },
  "candidate_return": 36.066815072498585,
  "episode_length": 62
}
