{
  "trajectory_id": "final_ep018",
  "component_totals": {
    "far_approach": 1.9796913149344078,
    "far_quality_penalty": -2.061463998397812,
    "low_progress_penalty": 0.0,
    "proximity_bonus": 26.434843995524755,
    "near_stability": 4.87561512016854,
    "leg_bonus": 9.0,
    "terminal_reward": 15.0,
    "low_progress_timeout": 0.0
  },
  "candidate_return": 55.22868643222989,
  "episode_length": 70
}
