{
  "trajectory_id": "final_ep017",
  "component_totals": {
    "far_approach": 2.1708263815924655,
    "far_quality_penalty": -8.895688282442283,
    "low_progress_penalty": -1.5000000000000002,
    "proximity_bonus": 1.0324829863424572,
    "near_stability": 1.9968662528553978,
    "leg_bonus": 0.0,
    "terminal_reward": 0.0,
    "low_progress_timeout": 0.0
  },
  "candidate_return": -5.195512661651963,
  "episode_length": 103
}
