{
  "trajectory_id": "final_ep010",
  "component_totals": {
    "far_approach": 1.9374206297196883,
    "far_quality_penalty": -13.589831959980076,
    "low_progress_penalty": -5.1999999999999975,
    "proximity_bonus": 0.0,
    "near_stability": 0.0,
    "leg_bonus": 0.0,
    "terminal_reward": 15.0,
    "low_progress_timeout": 0.0
  },
  "candidate_return": -1.8524113302603968,
  "episode_length": 140
}
