{
  "trajectory_id": "final_ep049",
  "component_totals": {
    "far_approach": 1.9734331805816474,
    "far_quality_penalty": -3.2743503028556002,
    "low_progress_penalty": 0.0,
    "proximity_bonus": 15.145587720929367,
    "near_stability": 0.34159737825393677,
    "leg_bonus": 3.0,
    "terminal_reward": 15.0,
    "low_progress_timeout": 0.0
  },
  "candidate_return": 32.18626797690935,
  "episode_length": 76
}
