{
  "trajectory_id": "final_ep009",
  "component_totals": {
    "far_approach": 2.000577613218927,
    "far_quality_penalty": -1.73331148524303,
    "low_progress_penalty": 0.0,
    "proximity_bonus": 27.336927610904407,
    "near_stability": 4.423090201802552,
    "leg_bonus": 9.0,
    "terminal_reward": 15.0,
    "low_progress_timeout": 0.0
  },
  "candidate_return": 56.027283940682864,
  "episode_length": 81
}
