{
  "trajectory_id": "final_ep037",
  "component_totals": {
    "far_approach": 2.0161565105261223,
    "far_quality_penalty": -1.7873178248293697,
    "low_progress_penalty": 0.0,
    "proximity_bonus": 26.28105762218025,
    "near_stability": 3.302813314832747,
    "leg_bonus": 6.0,
    "terminal_reward": 0.0,
    "low_progress_timeout": 0.0
  },
  "candidate_return": 35.812709622709754,
  "episode_length": 85
}
