{
  "trajectory_id": "final_ep033",
  "component_totals": {
    "far_approach": 1.9654550689376464,
    "far_quality_penalty": -0.9052626978838814,
    "low_progress_penalty": 0.0,
    "proximity_bonus": 28.968073016702306,
    "near_stability": 4.786551915251896,
    "leg_bonus": 9.0,
    "terminal_reward": 15.0,
    "low_progress_timeout": 0.0
  },
  "candidate_return": 58.814817303007985,
  "episode_length": 73
}
